2026-07-21T00:27:16.288+05:30  INFO 25528 --- [user-service] [restartedMain] com.rupyy.user.UserServiceApplication    : Starting UserServiceApplication using Java 21.0.8 with PID 25528 (D:\IJ-july22\twoWheelerFinance\user-service\target\classes started by amitr in D:\IJ-july22\twoWheelerFinance\user-service)
2026-07-21T00:27:16.299+05:30  INFO 25528 --- [user-service] [restartedMain] com.rupyy.user.UserServiceApplication    : No active profile set, falling back to 1 default profile: "default"
2026-07-21T00:27:16.378+05:30  INFO 25528 --- [user-service] [restartedMain] .e.DevToolsPropertyDefaultsPostProcessor : Devtools property defaults active! Set 'spring.devtools.add-properties' to 'false' to disable
2026-07-21T00:27:16.378+05:30  INFO 25528 --- [user-service] [restartedMain] .e.DevToolsPropertyDefaultsPostProcessor : For additional web related logging consider setting the 'logging.level.web' property to 'DEBUG'
2026-07-21T00:27:18.742+05:30  INFO 25528 --- [user-service] [restartedMain] .s.d.r.c.RepositoryConfigurationDelegate : Bootstrapping Spring Data JPA repositories in DEFAULT mode.
2026-07-21T00:27:18.959+05:30  INFO 25528 --- [user-service] [restartedMain] .s.d.r.c.RepositoryConfigurationDelegate : Finished Spring Data repository scanning in 201 ms. Found 1 JPA repository interface.
2026-07-21T00:27:19.608+05:30  INFO 25528 --- [user-service] [restartedMain] o.s.cloud.context.scope.GenericScope     : BeanFactory id=5d8c66c8-334e-3727-b9d8-31d808831e9a
2026-07-21T00:27:20.665+05:30  INFO 25528 --- [user-service] [restartedMain] o.s.b.w.embedded.tomcat.TomcatWebServer  : Tomcat initialized with port 8085 (http)
2026-07-21T00:27:20.696+05:30  INFO 25528 --- [user-service] [restartedMain] o.apache.catalina.core.StandardService   : Starting service [Tomcat]
2026-07-21T00:27:20.698+05:30  INFO 25528 --- [user-service] [restartedMain] o.apache.catalina.core.StandardEngine    : Starting Servlet engine: [Apache Tomcat/10.1.55]
2026-07-21T00:27:20.803+05:30  INFO 25528 --- [user-service] [restartedMain] o.a.c.c.C.[Tomcat].[localhost].[/]       : Initializing Spring embedded WebApplicationContext
2026-07-21T00:27:20.803+05:30  INFO 25528 --- [user-service] [restartedMain] w.s.c.ServletWebServerApplicationContext : Root WebApplicationContext: initialization completed in 4423 ms
2026-07-21T00:27:21.468+05:30  INFO 25528 --- [user-service] [restartedMain] o.hibernate.jpa.internal.util.LogHelper  : HHH000204: Processing PersistenceUnitInfo [name: default]
2026-07-21T00:27:21.603+05:30  INFO 25528 --- [user-service] [restartedMain] org.hibernate.Version                    : HHH000412: Hibernate ORM core version 6.6.53.Final
2026-07-21T00:27:21.666+05:30  INFO 25528 --- [user-service] [restartedMain] o.h.c.internal.RegionFactoryInitiator    : HHH000026: Second-level cache disabled
2026-07-21T00:27:22.174+05:30  INFO 25528 --- [user-service] [restartedMain] o.s.o.j.p.SpringPersistenceUnitInfo      : No LoadTimeWeaver setup: ignoring JPA class transformer
2026-07-21T00:27:22.253+05:30  INFO 25528 --- [user-service] [restartedMain] com.zaxxer.hikari.HikariDataSource       : HikariPool-1 - Starting...
2026-07-21T00:27:23.057+05:30  INFO 25528 --- [user-service] [restartedMain] com.zaxxer.hikari.pool.HikariPool        : HikariPool-1 - Added connection com.mysql.cj.jdbc.ConnectionImpl@7afa7d49
2026-07-21T00:27:23.057+05:30  INFO 25528 --- [user-service] [restartedMain] com.zaxxer.hikari.HikariDataSource       : HikariPool-1 - Start completed.
2026-07-21T00:27:23.275+05:30  INFO 25528 --- [user-service] [restartedMain] org.hibernate.orm.connections.pooling    : HHH10001005: Database info:
	Database JDBC URL [Connecting through datasource 'HikariDataSource (HikariPool-1)']
	Database driver: undefined/unknown
	Database version: 8.0.43
	Autocommit mode: undefined/unknown
	Isolation level: undefined/unknown
	Minimum pool size: undefined/unknown
	Maximum pool size: undefined/unknown
2026-07-21T00:27:24.834+05:30  INFO 25528 --- [user-service] [restartedMain] o.h.e.t.j.p.i.JtaPlatformInitiator       : HHH000489: No JTA platform available (set 'hibernate.transaction.jta.platform' to enable JTA platform integration)
2026-07-21T00:27:24.945+05:30  INFO 25528 --- [user-service] [restartedMain] j.LocalContainerEntityManagerFactoryBean : Initialized JPA EntityManagerFactory for persistence unit 'default'
2026-07-21T00:27:25.809+05:30  WARN 25528 --- [user-service] [restartedMain] JpaBaseConfiguration$JpaWebConfiguration : spring.jpa.open-in-view is enabled by default. Therefore, database queries may be performed during view rendering. Explicitly configure spring.jpa.open-in-view to disable this warning
2026-07-21T00:27:27.388+05:30  WARN 25528 --- [user-service] [restartedMain] o.s.b.d.a.OptionalLiveReloadServer       : Unable to start LiveReload server
2026-07-21T00:27:27.435+05:30  INFO 25528 --- [user-service] [restartedMain] DiscoveryClientOptionalArgsConfiguration : Eureka HTTP Client uses RestTemplate.
2026-07-21T00:27:27.518+05:30  WARN 25528 --- [user-service] [restartedMain] iguration$LoadBalancerCaffeineWarnLogger : Spring Cloud LoadBalancer is currently working with the default cache. While this cache implementation is useful for development and tests, it's recommended to use Caffeine cache in production.You can switch to using Caffeine cache, by adding it and org.springframework.cache.caffeine.CaffeineCacheManager to the classpath.
2026-07-21T00:27:27.558+05:30  INFO 25528 --- [user-service] [restartedMain] o.s.b.a.e.web.EndpointLinksResolver      : Exposing 17 endpoints beneath base path '/actuator'
2026-07-21T00:27:27.698+05:30  INFO 25528 --- [user-service] [restartedMain] o.s.c.n.eureka.InstanceInfoFactory       : Setting initial instance status as: STARTING
2026-07-21T00:27:27.747+05:30  INFO 25528 --- [user-service] [restartedMain] com.netflix.discovery.DiscoveryClient    : Initializing Eureka in region us-east-1
2026-07-21T00:27:27.753+05:30  INFO 25528 --- [user-service] [restartedMain] c.n.d.s.r.aws.ConfigClusterResolver      : Resolving eureka endpoints via configuration
2026-07-21T00:27:27.766+05:30  INFO 25528 --- [user-service] [restartedMain] com.netflix.discovery.DiscoveryClient    : Disable delta property : false
2026-07-21T00:27:27.766+05:30  INFO 25528 --- [user-service] [restartedMain] com.netflix.discovery.DiscoveryClient    : Single vip registry refresh property : null
2026-07-21T00:27:27.766+05:30  INFO 25528 --- [user-service] [restartedMain] com.netflix.discovery.DiscoveryClient    : Force full registry fetch : false
2026-07-21T00:27:27.766+05:30  INFO 25528 --- [user-service] [restartedMain] com.netflix.discovery.DiscoveryClient    : Application is null : false
2026-07-21T00:27:27.766+05:30  INFO 25528 --- [user-service] [restartedMain] com.netflix.discovery.DiscoveryClient    : Registered Applications size is zero : true
2026-07-21T00:27:27.766+05:30  INFO 25528 --- [user-service] [restartedMain] com.netflix.discovery.DiscoveryClient    : Application version is -1: true
2026-07-21T00:27:27.766+05:30  INFO 25528 --- [user-service] [restartedMain] com.netflix.discovery.DiscoveryClient    : Getting all instance registry info from the eureka server
2026-07-21T00:27:28.225+05:30  INFO 25528 --- [user-service] [restartedMain] com.netflix.discovery.DiscoveryClient    : The response status is 200
2026-07-21T00:27:28.228+05:30  INFO 25528 --- [user-service] [restartedMain] com.netflix.discovery.DiscoveryClient    : Starting heartbeat executor: renew interval is: 30
2026-07-21T00:27:28.231+05:30  INFO 25528 --- [user-service] [restartedMain] c.n.discovery.InstanceInfoReplicator     : InstanceInfoReplicator onDemand update allowed rate per min is 4
2026-07-21T00:27:28.231+05:30  INFO 25528 --- [user-service] [restartedMain] com.netflix.discovery.DiscoveryClient    : Discovery Client initialized at timestamp 1784573848231 with initial instances count: 1
2026-07-21T00:27:28.238+05:30  INFO 25528 --- [user-service] [restartedMain] o.s.c.n.e.s.EurekaServiceRegistry        : Registering application USER-SERVICE with eureka with status UP
2026-07-21T00:27:28.238+05:30  INFO 25528 --- [user-service] [restartedMain] com.netflix.discovery.DiscoveryClient    : Saw local status change event StatusChangeEvent [timestamp=1784573848238, current=UP, previous=STARTING]
2026-07-21T00:27:28.240+05:30  INFO 25528 --- [user-service] [DiscoveryClient-InstanceInfoReplicator-%d] com.netflix.discovery.DiscoveryClient    : DiscoveryClient_USER-SERVICE/DESKTOP-BL4IV3O:user-service:8085: registering service...
2026-07-21T00:27:28.270+05:30  INFO 25528 --- [user-service] [restartedMain] o.s.b.w.embedded.tomcat.TomcatWebServer  : Tomcat started on port 8085 (http) with context path '/'
2026-07-21T00:27:28.272+05:30  INFO 25528 --- [user-service] [restartedMain] .s.c.n.e.s.EurekaAutoServiceRegistration : Updating port to 8085
2026-07-21T00:27:28.310+05:30  INFO 25528 --- [user-service] [restartedMain] com.rupyy.user.UserServiceApplication    : Started UserServiceApplication in 12.823 seconds (process running for 13.823)
2026-07-21T00:27:28.312+05:30  INFO 25528 --- [user-service] [DiscoveryClient-InstanceInfoReplicator-%d] com.netflix.discovery.DiscoveryClient    : DiscoveryClient_USER-SERVICE/DESKTOP-BL4IV3O:user-service:8085 - registration status: 204
2026-07-21T00:27:28.487+05:30  INFO 25528 --- [user-service] [registrationTask1] .c.b.a.c.r.DefaultApplicationRegistrator : Application registered itself as 1ff424ea3a0f
2026-07-21T00:27:28.563+05:30  INFO 25528 --- [user-service] [http-nio-8085-exec-3] o.a.c.c.C.[Tomcat].[localhost].[/]       : Initializing Spring DispatcherServlet 'dispatcherServlet'
2026-07-21T00:27:28.565+05:30  INFO 25528 --- [user-service] [http-nio-8085-exec-3] o.s.web.servlet.DispatcherServlet        : Initializing Servlet 'dispatcherServlet'
2026-07-21T00:27:28.572+05:30  INFO 25528 --- [user-service] [http-nio-8085-exec-3] o.s.web.servlet.DispatcherServlet        : Completed initialization in 7 ms
2026-07-21T00:30:00.148+05:30  INFO 25528 --- [user-service] [scheduling-1] com.rupyy.user.utils.EmailSender         : => Attempting to send email to 'amitranjan876@gmail.com' with subject: 'daily cron for all lenders'
2026-07-21T00:30:04.436+05:30  INFO 25528 --- [user-service] [scheduling-1] com.rupyy.user.utils.EmailSender         : <= Successfully sent email to 'amitranjan876@gmail.com'
2026-07-21T00:31:15.359+05:30  INFO 25528 --- [user-service] [http-nio-8085-exec-1] c.r.user.controller.CustomerController   : => Received POST request to create a new customer.
2026-07-21T00:31:15.361+05:30  INFO 25528 --- [user-service] [http-nio-8085-exec-1] com.rupyy.user.service.CustomerService   : => created customer with mobile:ENCRYPTED_9876543334 and email:pritam@example.com
2026-07-21T00:31:15.410+05:30  INFO 25528 --- [user-service] [http-nio-8085-exec-1] com.rupyy.user.service.CustomerService   : <= createCustomer: Successfully saved to the database with id:
2026-07-21T00:31:15.411+05:30  INFO 25528 --- [user-service] [http-nio-8085-exec-1] com.rupyy.user.utils.EmailSender         : => Attempting to send email to 'amitranjan876@gmail.com' with subject: 'User/Lead created'
2026-07-21T00:31:20.052+05:30  INFO 25528 --- [user-service] [http-nio-8085-exec-1] com.rupyy.user.utils.EmailSender         : <= Successfully sent email to 'amitranjan876@gmail.com'
2026-07-21T00:31:20.053+05:30  INFO 25528 --- [user-service] [http-nio-8085-exec-1] com.rupyy.user.service.CustomerService   : Email notification sent for new customer ID: 85a8bef5-3aab-402e-bd39-fd314fe1e9d5 to address: amitranjan876@gmail.com
2026-07-21T00:31:21.085+05:30  INFO 25528 --- [user-service] [http-nio-8085-exec-1] com.rupyy.user.service.CustomerService   : WhatsApp notification sent for new customer ID: 85a8bef5-3aab-402e-bd39-fd314fe1e9d5 to number: +918448055679
2026-07-21T00:31:21.096+05:30  INFO 25528 --- [user-service] [http-nio-8085-exec-1] com.rupyy.user.utils.EmailSender         : => Attempting to send email to 'amitranjan876@gmail.com' with subject: 'daily cron for all lenders'
2026-07-21T00:31:26.096+05:30  INFO 25528 --- [user-service] [http-nio-8085-exec-1] com.rupyy.user.utils.EmailSender         : <= Successfully sent email to 'amitranjan876@gmail.com'
2026-07-21T00:31:26.145+05:30  INFO 25528 --- [user-service] [http-nio-8085-exec-1] o.a.k.clients.producer.ProducerConfig    : ProducerConfig values: 
	acks = -1
	auto.include.jmx.reporter = true
	batch.size = 16384
	bootstrap.servers = [localhost:9092]
	buffer.memory = 33554432
	client.dns.lookup = use_all_dns_ips
	client.id = user-service-producer-1
	compression.gzip.level = -1
	compression.lz4.level = 9
	compression.type = none
	compression.zstd.level = 3
	connections.max.idle.ms = 540000
	delivery.timeout.ms = 120000
	enable.idempotence = true
	enable.metrics.push = true
	interceptor.classes = []
	key.serializer = class org.apache.kafka.common.serialization.StringSerializer
	linger.ms = 0
	max.block.ms = 60000
	max.in.flight.requests.per.connection = 5
	max.request.size = 1048576
	metadata.max.age.ms = 300000
	metadata.max.idle.ms = 300000
	metadata.recovery.strategy = none
	metric.reporters = []
	metrics.num.samples = 2
	metrics.recording.level = INFO
	metrics.sample.window.ms = 30000
	partitioner.adaptive.partitioning.enable = true
	partitioner.availability.timeout.ms = 0
	partitioner.class = null
	partitioner.ignore.keys = false
	receive.buffer.bytes = 32768
	reconnect.backoff.max.ms = 1000
	reconnect.backoff.ms = 50
	request.timeout.ms = 30000
	retries = 2147483647
	retry.backoff.max.ms = 1000
	retry.backoff.ms = 100
	sasl.client.callback.handler.class = null
	sasl.jaas.config = null
	sasl.kerberos.kinit.cmd = /usr/bin/kinit
	sasl.kerberos.min.time.before.relogin = 60000
	sasl.kerberos.service.name = null
	sasl.kerberos.ticket.renew.jitter = 0.05
	sasl.kerberos.ticket.renew.window.factor = 0.8
	sasl.login.callback.handler.class = null
	sasl.login.class = null
	sasl.login.connect.timeout.ms = null
	sasl.login.read.timeout.ms = null
	sasl.login.refresh.buffer.seconds = 300
	sasl.login.refresh.min.period.seconds = 60
	sasl.login.refresh.window.factor = 0.8
	sasl.login.refresh.window.jitter = 0.05
	sasl.login.retry.backoff.max.ms = 10000
	sasl.login.retry.backoff.ms = 100
	sasl.mechanism = GSSAPI
	sasl.oauthbearer.clock.skew.seconds = 30
	sasl.oauthbearer.expected.audience = null
	sasl.oauthbearer.expected.issuer = null
	sasl.oauthbearer.header.urlencode = false
	sasl.oauthbearer.jwks.endpoint.refresh.ms = 3600000
	sasl.oauthbearer.jwks.endpoint.retry.backoff.max.ms = 10000
	sasl.oauthbearer.jwks.endpoint.retry.backoff.ms = 100
	sasl.oauthbearer.jwks.endpoint.url = null
	sasl.oauthbearer.scope.claim.name = scope
	sasl.oauthbearer.sub.claim.name = sub
	sasl.oauthbearer.token.endpoint.url = null
	security.protocol = PLAINTEXT
	security.providers = null
	send.buffer.bytes = 131072
	socket.connection.setup.timeout.max.ms = 30000
	socket.connection.setup.timeout.ms = 10000
	ssl.cipher.suites = null
	ssl.enabled.protocols = [TLSv1.2, TLSv1.3]
	ssl.endpoint.identification.algorithm = https
	ssl.engine.factory.class = null
	ssl.key.password = null
	ssl.keymanager.algorithm = SunX509
	ssl.keystore.certificate.chain = null
	ssl.keystore.key = null
	ssl.keystore.location = null
	ssl.keystore.password = null
	ssl.keystore.type = JKS
	ssl.protocol = TLSv1.3
	ssl.provider = null
	ssl.secure.random.implementation = null
	ssl.trustmanager.algorithm = PKIX
	ssl.truststore.certificates = null
	ssl.truststore.location = null
	ssl.truststore.password = null
	ssl.truststore.type = JKS
	transaction.timeout.ms = 60000
	transactional.id = null
	value.serializer = class org.springframework.kafka.support.serializer.JsonSerializer

2026-07-21T00:31:26.204+05:30  INFO 25528 --- [user-service] [http-nio-8085-exec-1] o.a.k.c.t.i.KafkaMetricsCollector        : initializing Kafka metrics collector
2026-07-21T00:31:26.237+05:30  INFO 25528 --- [user-service] [http-nio-8085-exec-1] o.a.k.clients.producer.KafkaProducer     : [Producer clientId=user-service-producer-1] Instantiated an idempotent producer.
2026-07-21T00:31:26.300+05:30  INFO 25528 --- [user-service] [http-nio-8085-exec-1] o.a.kafka.common.utils.AppInfoParser     : Kafka version: 3.9.2
2026-07-21T00:31:26.301+05:30  INFO 25528 --- [user-service] [http-nio-8085-exec-1] o.a.kafka.common.utils.AppInfoParser     : Kafka commitId: 5e9866f43ab8e7e4
2026-07-21T00:31:26.301+05:30  INFO 25528 --- [user-service] [http-nio-8085-exec-1] o.a.kafka.common.utils.AppInfoParser     : Kafka startTimeMs: 1784574086299
2026-07-21T00:31:26.735+05:30  INFO 25528 --- [user-service] [kafka-producer-network-thread | user-service-producer-1] org.apache.kafka.clients.NetworkClient   : [Producer clientId=user-service-producer-1] Node -1 disconnected.
2026-07-21T00:31:26.737+05:30  WARN 25528 --- [user-service] [kafka-producer-network-thread | user-service-producer-1] org.apache.kafka.clients.NetworkClient   : [Producer clientId=user-service-producer-1] Connection to node -1 (localhost/127.0.0.1:9092) could not be established. Node may not be available.
2026-07-21T00:31:26.737+05:30  WARN 25528 --- [user-service] [kafka-producer-network-thread | user-service-producer-1] org.apache.kafka.clients.NetworkClient   : [Producer clientId=user-service-producer-1] Bootstrap broker localhost:9092 (id: -1 rack: null) disconnected
2026-07-21T00:31:26.848+05:30  INFO 25528 --- [user-service] [kafka-producer-network-thread | user-service-producer-1] org.apache.kafka.clients.NetworkClient   : [Producer clientId=user-service-producer-1] Node -1 disconnected.
2026-07-21T00:31:26.849+05:30  WARN 25528 --- [user-service] [kafka-producer-network-thread | user-service-producer-1] org.apache.kafka.clients.NetworkClient   : [Producer clientId=user-service-producer-1] Connection to node -1 (localhost/127.0.0.1:9092) could not be established. Node may not be available.
2026-07-21T00:31:26.849+05:30  WARN 25528 --- [user-service] [kafka-producer-network-thread | user-service-producer-1] org.apache.kafka.clients.NetworkClient   : [Producer clientId=user-service-producer-1] Bootstrap broker localhost:9092 (id: -1 rack: null) disconnected
2026-07-21T00:31:26.958+05:30  INFO 25528 --- [user-service] [kafka-producer-network-thread | user-service-producer-1] org.apache.kafka.clients.NetworkClient   : [Producer clientId=user-service-producer-1] Node -1 disconnected.
2026-07-21T00:31:26.958+05:30  WARN 25528 --- [user-service] [kafka-producer-network-thread | user-service-producer-1] org.apache.kafka.clients.NetworkClient   : [Producer clientId=user-service-producer-1] Connection to node -1 (localhost/127.0.0.1:9092) could not be established. Node may not be available.
2026-07-21T00:31:26.958+05:30  WARN 25528 --- [user-service] [kafka-producer-network-thread | user-service-producer-1] org.apache.kafka.clients.NetworkClient   : [Producer clientId=user-service-producer-1] Bootstrap broker localhost:9092 (id: -1 rack: null) disconnected
2026-07-21T00:31:27.128+05:30  INFO 25528 --- [user-service] [kafka-producer-network-thread | user-service-producer-1] org.apache.kafka.clients.NetworkClient   : [Producer clientId=user-service-producer-1] Node -1 disconnected.
2026-07-21T00:31:27.129+05:30  WARN 25528 --- [user-service] [kafka-producer-network-thread | user-service-producer-1] org.apache.kafka.clients.NetworkClient   : [Producer clientId=user-service-producer-1] Connection to node -1 (localhost/127.0.0.1:9092) could not be established. Node may not be available.
2026-07-21T00:31:27.129+05:30  WARN 25528 --- [user-service] [kafka-producer-network-thread | user-service-producer-1] org.apache.kafka.clients.NetworkClient   : [Producer clientId=user-service-producer-1] Bootstrap broker localhost:9092 (id: -1 rack: null) disconnected
2026-07-21T00:31:27.549+05:30  INFO 25528 --- [user-service] [kafka-producer-network-thread | user-service-producer-1] org.apache.kafka.clients.NetworkClient   : [Producer clientId=user-service-producer-1] Node -1 disconnected.
2026-07-21T00:31:27.550+05:30  WARN 25528 --- [user-service] [kafka-producer-network-thread | user-service-producer-1] org.apache.kafka.clients.NetworkClient   : [Producer clientId=user-service-producer-1] Connection to node -1 (localhost/127.0.0.1:9092) could not be established. Node may not be available.
2026-07-21T00:31:27.550+05:30  WARN 25528 --- [user-service] [kafka-producer-network-thread | user-service-producer-1] org.apache.kafka.clients.NetworkClient   : [Producer clientId=user-service-producer-1] Bootstrap broker localhost:9092 (id: -1 rack: null) disconnected
2026-07-21T00:31:28.526+05:30  INFO 25528 --- [user-service] [kafka-producer-network-thread | user-service-producer-1] org.apache.kafka.clients.NetworkClient   : [Producer clientId=user-service-producer-1] Node -1 disconnected.
2026-07-21T00:31:28.527+05:30  WARN 25528 --- [user-service] [kafka-producer-network-thread | user-service-producer-1] org.apache.kafka.clients.NetworkClient   : [Producer clientId=user-service-producer-1] Connection to node -1 (localhost/127.0.0.1:9092) could not be established. Node may not be available.
2026-07-21T00:31:28.528+05:30  WARN 25528 --- [user-service] [kafka-producer-network-thread | user-service-producer-1] org.apache.kafka.clients.NetworkClient   : [Producer clientId=user-service-producer-1] Bootstrap broker localhost:9092 (id: -1 rack: null) disconnected
2026-07-21T00:31:29.582+05:30  INFO 25528 --- [user-service] [kafka-producer-network-thread | user-service-producer-1] org.apache.kafka.clients.NetworkClient   : [Producer clientId=user-service-producer-1] Node -1 disconnected.
2026-07-21T00:31:29.583+05:30  WARN 25528 --- [user-service] [kafka-producer-network-thread | user-service-producer-1] org.apache.kafka.clients.NetworkClient   : [Producer clientId=user-service-producer-1] Connection to node -1 (localhost/127.0.0.1:9092) could not be established. Node may not be available.
2026-07-21T00:31:29.583+05:30  WARN 25528 --- [user-service] [kafka-producer-network-thread | user-service-producer-1] org.apache.kafka.clients.NetworkClient   : [Producer clientId=user-service-producer-1] Bootstrap broker localhost:9092 (id: -1 rack: null) disconnected
2026-07-21T00:31:30.498+05:30  INFO 25528 --- [user-service] [kafka-producer-network-thread | user-service-producer-1] org.apache.kafka.clients.NetworkClient   : [Producer clientId=user-service-producer-1] Node -1 disconnected.
2026-07-21T00:31:30.498+05:30  WARN 25528 --- [user-service] [kafka-producer-network-thread | user-service-producer-1] org.apache.kafka.clients.NetworkClient   : [Producer clientId=user-service-producer-1] Connection to node -1 (localhost/127.0.0.1:9092) could not be established. Node may not be available.
2026-07-21T00:31:30.499+05:30  WARN 25528 --- [user-service] [kafka-producer-network-thread | user-service-producer-1] org.apache.kafka.clients.NetworkClient   : [Producer clientId=user-service-producer-1] Bootstrap broker localhost:9092 (id: -1 rack: null) disconnected
2026-07-21T00:31:31.536+05:30  INFO 25528 --- [user-service] [kafka-producer-network-thread | user-service-producer-1] org.apache.kafka.clients.NetworkClient   : [Producer clientId=user-service-producer-1] Node -1 disconnected.
2026-07-21T00:31:31.536+05:30  WARN 25528 --- [user-service] [kafka-producer-network-thread | user-service-producer-1] org.apache.kafka.clients.NetworkClient   : [Producer clientId=user-service-producer-1] Connection to node -1 (localhost/127.0.0.1:9092) could not be established. Node may not be available.
2026-07-21T00:31:31.536+05:30  WARN 25528 --- [user-service] [kafka-producer-network-thread | user-service-producer-1] org.apache.kafka.clients.NetworkClient   : [Producer clientId=user-service-producer-1] Bootstrap broker localhost:9092 (id: -1 rack: null) disconnected
2026-07-21T00:31:32.450+05:30  INFO 25528 --- [user-service] [kafka-producer-network-thread | user-service-producer-1] org.apache.kafka.clients.NetworkClient   : [Producer clientId=user-service-producer-1] Node -1 disconnected.
2026-07-21T00:31:32.450+05:30  WARN 25528 --- [user-service] [kafka-producer-network-thread | user-service-producer-1] org.apache.kafka.clients.NetworkClient   : [Producer clientId=user-service-producer-1] Connection to node -1 (localhost/127.0.0.1:9092) could not be established. Node may not be available.
2026-07-21T00:31:32.451+05:30  WARN 25528 --- [user-service] [kafka-producer-network-thread | user-service-producer-1] org.apache.kafka.clients.NetworkClient   : [Producer clientId=user-service-producer-1] Bootstrap broker localhost:9092 (id: -1 rack: null) disconnected
2026-07-21T00:31:33.425+05:30  INFO 25528 --- [user-service] [kafka-producer-network-thread | user-service-producer-1] org.apache.kafka.clients.NetworkClient   : [Producer clientId=user-service-producer-1] Node -1 disconnected.
2026-07-21T00:31:33.425+05:30  WARN 25528 --- [user-service] [kafka-producer-network-thread | user-service-producer-1] org.apache.kafka.clients.NetworkClient   : [Producer clientId=user-service-producer-1] Connection to node -1 (localhost/127.0.0.1:9092) could not be established. Node may not be available.
2026-07-21T00:31:33.425+05:30  WARN 25528 --- [user-service] [kafka-producer-network-thread | user-service-producer-1] org.apache.kafka.clients.NetworkClient   : [Producer clientId=user-service-producer-1] Bootstrap broker localhost:9092 (id: -1 rack: null) disconnected
2026-07-21T00:31:34.466+05:30  INFO 25528 --- [user-service] [kafka-producer-network-thread | user-service-producer-1] org.apache.kafka.clients.NetworkClient   : [Producer clientId=user-service-producer-1] Node -1 disconnected.
2026-07-21T00:31:34.466+05:30  WARN 25528 --- [user-service] [kafka-producer-network-thread | user-service-producer-1] org.apache.kafka.clients.NetworkClient   : [Producer clientId=user-service-producer-1] Connection to node -1 (localhost/127.0.0.1:9092) could not be established. Node may not be available.
2026-07-21T00:31:34.466+05:30  WARN 25528 --- [user-service] [kafka-producer-network-thread | user-service-producer-1] org.apache.kafka.clients.NetworkClient   : [Producer clientId=user-service-producer-1] Bootstrap broker localhost:9092 (id: -1 rack: null) disconnected
2026-07-21T00:31:35.507+05:30  INFO 25528 --- [user-service] [kafka-producer-network-thread | user-service-producer-1] org.apache.kafka.clients.NetworkClient   : [Producer clientId=user-service-producer-1] Node -1 disconnected.
2026-07-21T00:31:35.508+05:30  WARN 25528 --- [user-service] [kafka-producer-network-thread | user-service-producer-1] org.apache.kafka.clients.NetworkClient   : [Producer clientId=user-service-producer-1] Connection to node -1 (localhost/127.0.0.1:9092) could not be established. Node may not be available.
2026-07-21T00:31:35.508+05:30  WARN 25528 --- [user-service] [kafka-producer-network-thread | user-service-producer-1] org.apache.kafka.clients.NetworkClient   : [Producer clientId=user-service-producer-1] Bootstrap broker localhost:9092 (id: -1 rack: null) disconnected
2026-07-21T00:31:36.421+05:30  INFO 25528 --- [user-service] [kafka-producer-network-thread | user-service-producer-1] org.apache.kafka.clients.NetworkClient   : [Producer clientId=user-service-producer-1] Node -1 disconnected.
2026-07-21T00:31:36.421+05:30  WARN 25528 --- [user-service] [kafka-producer-network-thread | user-service-producer-1] org.apache.kafka.clients.NetworkClient   : [Producer clientId=user-service-producer-1] Connection to node -1 (localhost/127.0.0.1:9092) could not be established. Node may not be available.
2026-07-21T00:31:36.421+05:30  WARN 25528 --- [user-service] [kafka-producer-network-thread | user-service-producer-1] org.apache.kafka.clients.NetworkClient   : [Producer clientId=user-service-producer-1] Bootstrap broker localhost:9092 (id: -1 rack: null) disconnected
2026-07-21T00:31:37.271+05:30  INFO 25528 --- [user-service] [kafka-producer-network-thread | user-service-producer-1] org.apache.kafka.clients.NetworkClient   : [Producer clientId=user-service-producer-1] Node -1 disconnected.
2026-07-21T00:31:37.272+05:30  WARN 25528 --- [user-service] [kafka-producer-network-thread | user-service-producer-1] org.apache.kafka.clients.NetworkClient   : [Producer clientId=user-service-producer-1] Connection to node -1 (localhost/127.0.0.1:9092) could not be established. Node may not be available.
2026-07-21T00:31:37.272+05:30  WARN 25528 --- [user-service] [kafka-producer-network-thread | user-service-producer-1] org.apache.kafka.clients.NetworkClient   : [Producer clientId=user-service-producer-1] Bootstrap broker localhost:9092 (id: -1 rack: null) disconnected
2026-07-21T00:31:38.274+05:30  INFO 25528 --- [user-service] [kafka-producer-network-thread | user-service-producer-1] org.apache.kafka.clients.NetworkClient   : [Producer clientId=user-service-producer-1] Node -1 disconnected.
2026-07-21T00:31:38.276+05:30  WARN 25528 --- [user-service] [kafka-producer-network-thread | user-service-producer-1] org.apache.kafka.clients.NetworkClient   : [Producer clientId=user-service-producer-1] Connection to node -1 (localhost/127.0.0.1:9092) could not be established. Node may not be available.
2026-07-21T00:31:38.276+05:30  WARN 25528 --- [user-service] [kafka-producer-network-thread | user-service-producer-1] org.apache.kafka.clients.NetworkClient   : [Producer clientId=user-service-producer-1] Bootstrap broker localhost:9092 (id: -1 rack: null) disconnected
2026-07-21T00:31:39.257+05:30  INFO 25528 --- [user-service] [kafka-producer-network-thread | user-service-producer-1] org.apache.kafka.clients.NetworkClient   : [Producer clientId=user-service-producer-1] Node -1 disconnected.
2026-07-21T00:31:39.257+05:30  WARN 25528 --- [user-service] [kafka-producer-network-thread | user-service-producer-1] org.apache.kafka.clients.NetworkClient   : [Producer clientId=user-service-producer-1] Connection to node -1 (localhost/127.0.0.1:9092) could not be established. Node may not be available.
2026-07-21T00:31:39.258+05:30  WARN 25528 --- [user-service] [kafka-producer-network-thread | user-service-producer-1] org.apache.kafka.clients.NetworkClient   : [Producer clientId=user-service-producer-1] Bootstrap broker localhost:9092 (id: -1 rack: null) disconnected
2026-07-21T00:31:40.297+05:30  INFO 25528 --- [user-service] [kafka-producer-network-thread | user-service-producer-1] org.apache.kafka.clients.NetworkClient   : [Producer clientId=user-service-producer-1] Node -1 disconnected.
2026-07-21T00:31:40.298+05:30  WARN 25528 --- [user-service] [kafka-producer-network-thread | user-service-producer-1] org.apache.kafka.clients.NetworkClient   : [Producer clientId=user-service-producer-1] Connection to node -1 (localhost/127.0.0.1:9092) could not be established. Node may not be available.
2026-07-21T00:31:40.298+05:30  WARN 25528 --- [user-service] [kafka-producer-network-thread | user-service-producer-1] org.apache.kafka.clients.NetworkClient   : [Producer clientId=user-service-producer-1] Bootstrap broker localhost:9092 (id: -1 rack: null) disconnected
2026-07-21T00:31:41.335+05:30  INFO 25528 --- [user-service] [kafka-producer-network-thread | user-service-producer-1] org.apache.kafka.clients.NetworkClient   : [Producer clientId=user-service-producer-1] Node -1 disconnected.
2026-07-21T00:31:41.336+05:30  WARN 25528 --- [user-service] [kafka-producer-network-thread | user-service-producer-1] org.apache.kafka.clients.NetworkClient   : [Producer clientId=user-service-producer-1] Connection to node -1 (localhost/127.0.0.1:9092) could not be established. Node may not be available.
2026-07-21T00:31:41.336+05:30  WARN 25528 --- [user-service] [kafka-producer-network-thread | user-service-producer-1] org.apache.kafka.clients.NetworkClient   : [Producer clientId=user-service-producer-1] Bootstrap broker localhost:9092 (id: -1 rack: null) disconnected
2026-07-21T00:31:42.343+05:30  INFO 25528 --- [user-service] [kafka-producer-network-thread | user-service-producer-1] org.apache.kafka.clients.NetworkClient   : [Producer clientId=user-service-producer-1] Node -1 disconnected.
2026-07-21T00:31:42.343+05:30  WARN 25528 --- [user-service] [kafka-producer-network-thread | user-service-producer-1] org.apache.kafka.clients.NetworkClient   : [Producer clientId=user-service-producer-1] Connection to node -1 (localhost/127.0.0.1:9092) could not be established. Node may not be available.
2026-07-21T00:31:42.344+05:30  WARN 25528 --- [user-service] [kafka-producer-network-thread | user-service-producer-1] org.apache.kafka.clients.NetworkClient   : [Producer clientId=user-service-producer-1] Bootstrap broker localhost:9092 (id: -1 rack: null) disconnected
2026-07-21T00:31:43.348+05:30  INFO 25528 --- [user-service] [kafka-producer-network-thread | user-service-producer-1] org.apache.kafka.clients.NetworkClient   : [Producer clientId=user-service-producer-1] Node -1 disconnected.
2026-07-21T00:31:43.348+05:30  WARN 25528 --- [user-service] [kafka-producer-network-thread | user-service-producer-1] org.apache.kafka.clients.NetworkClient   : [Producer clientId=user-service-producer-1] Connection to node -1 (localhost/127.0.0.1:9092) could not be established. Node may not be available.
2026-07-21T00:31:43.349+05:30  WARN 25528 --- [user-service] [kafka-producer-network-thread | user-service-producer-1] org.apache.kafka.clients.NetworkClient   : [Producer clientId=user-service-producer-1] Bootstrap broker localhost:9092 (id: -1 rack: null) disconnected
2026-07-21T00:31:44.203+05:30  INFO 25528 --- [user-service] [kafka-producer-network-thread | user-service-producer-1] org.apache.kafka.clients.NetworkClient   : [Producer clientId=user-service-producer-1] Node -1 disconnected.
2026-07-21T00:31:44.203+05:30  WARN 25528 --- [user-service] [kafka-producer-network-thread | user-service-producer-1] org.apache.kafka.clients.NetworkClient   : [Producer clientId=user-service-producer-1] Connection to node -1 (localhost/127.0.0.1:9092) could not be established. Node may not be available.
2026-07-21T00:31:44.203+05:30  WARN 25528 --- [user-service] [kafka-producer-network-thread | user-service-producer-1] org.apache.kafka.clients.NetworkClient   : [Producer clientId=user-service-producer-1] Bootstrap broker localhost:9092 (id: -1 rack: null) disconnected
2026-07-21T00:31:45.242+05:30  INFO 25528 --- [user-service] [kafka-producer-network-thread | user-service-producer-1] org.apache.kafka.clients.NetworkClient   : [Producer clientId=user-service-producer-1] Node -1 disconnected.
2026-07-21T00:31:45.243+05:30  WARN 25528 --- [user-service] [kafka-producer-network-thread | user-service-producer-1] org.apache.kafka.clients.NetworkClient   : [Producer clientId=user-service-producer-1] Connection to node -1 (localhost/127.0.0.1:9092) could not be established. Node may not be available.
2026-07-21T00:31:45.243+05:30  WARN 25528 --- [user-service] [kafka-producer-network-thread | user-service-producer-1] org.apache.kafka.clients.NetworkClient   : [Producer clientId=user-service-producer-1] Bootstrap broker localhost:9092 (id: -1 rack: null) disconnected
2026-07-21T00:31:46.157+05:30  INFO 25528 --- [user-service] [kafka-producer-network-thread | user-service-producer-1] org.apache.kafka.clients.NetworkClient   : [Producer clientId=user-service-producer-1] Node -1 disconnected.
2026-07-21T00:31:46.158+05:30  WARN 25528 --- [user-service] [kafka-producer-network-thread | user-service-producer-1] org.apache.kafka.clients.NetworkClient   : [Producer clientId=user-service-producer-1] Connection to node -1 (localhost/127.0.0.1:9092) could not be established. Node may not be available.
2026-07-21T00:31:46.158+05:30  WARN 25528 --- [user-service] [kafka-producer-network-thread | user-service-producer-1] org.apache.kafka.clients.NetworkClient   : [Producer clientId=user-service-producer-1] Bootstrap broker localhost:9092 (id: -1 rack: null) disconnected
2026-07-21T00:31:47.198+05:30  INFO 25528 --- [user-service] [kafka-producer-network-thread | user-service-producer-1] org.apache.kafka.clients.NetworkClient   : [Producer clientId=user-service-producer-1] Node -1 disconnected.
2026-07-21T00:31:47.198+05:30  WARN 25528 --- [user-service] [kafka-producer-network-thread | user-service-producer-1] org.apache.kafka.clients.NetworkClient   : [Producer clientId=user-service-producer-1] Connection to node -1 (localhost/127.0.0.1:9092) could not be established. Node may not be available.
2026-07-21T00:31:47.198+05:30  WARN 25528 --- [user-service] [kafka-producer-network-thread | user-service-producer-1] org.apache.kafka.clients.NetworkClient   : [Producer clientId=user-service-producer-1] Bootstrap broker localhost:9092 (id: -1 rack: null) disconnected
2026-07-21T00:31:48.160+05:30  INFO 25528 --- [user-service] [kafka-producer-network-thread | user-service-producer-1] org.apache.kafka.clients.NetworkClient   : [Producer clientId=user-service-producer-1] Node -1 disconnected.
2026-07-21T00:31:48.160+05:30  WARN 25528 --- [user-service] [kafka-producer-network-thread | user-service-producer-1] org.apache.kafka.clients.NetworkClient   : [Producer clientId=user-service-producer-1] Connection to node -1 (localhost/127.0.0.1:9092) could not be established. Node may not be available.
2026-07-21T00:31:48.160+05:30  WARN 25528 --- [user-service] [kafka-producer-network-thread | user-service-producer-1] org.apache.kafka.clients.NetworkClient   : [Producer clientId=user-service-producer-1] Bootstrap broker localhost:9092 (id: -1 rack: null) disconnected
2026-07-21T00:31:49.167+05:30  INFO 25528 --- [user-service] [kafka-producer-network-thread | user-service-producer-1] org.apache.kafka.clients.NetworkClient   : [Producer clientId=user-service-producer-1] Node -1 disconnected.
2026-07-21T00:31:49.167+05:30  WARN 25528 --- [user-service] [kafka-producer-network-thread | user-service-producer-1] org.apache.kafka.clients.NetworkClient   : [Producer clientId=user-service-producer-1] Connection to node -1 (localhost/127.0.0.1:9092) could not be established. Node may not be available.
2026-07-21T00:31:49.167+05:30  WARN 25528 --- [user-service] [kafka-producer-network-thread | user-service-producer-1] org.apache.kafka.clients.NetworkClient   : [Producer clientId=user-service-producer-1] Bootstrap broker localhost:9092 (id: -1 rack: null) disconnected
2026-07-21T00:31:50.048+05:30  INFO 25528 --- [user-service] [kafka-producer-network-thread | user-service-producer-1] org.apache.kafka.clients.NetworkClient   : [Producer clientId=user-service-producer-1] Node -1 disconnected.
2026-07-21T00:31:50.048+05:30  WARN 25528 --- [user-service] [kafka-producer-network-thread | user-service-producer-1] org.apache.kafka.clients.NetworkClient   : [Producer clientId=user-service-producer-1] Connection to node -1 (localhost/127.0.0.1:9092) could not be established. Node may not be available.
2026-07-21T00:31:50.048+05:30  WARN 25528 --- [user-service] [kafka-producer-network-thread | user-service-producer-1] org.apache.kafka.clients.NetworkClient   : [Producer clientId=user-service-producer-1] Bootstrap broker localhost:9092 (id: -1 rack: null) disconnected
2026-07-21T00:31:50.989+05:30  INFO 25528 --- [user-service] [kafka-producer-network-thread | user-service-producer-1] org.apache.kafka.clients.NetworkClient   : [Producer clientId=user-service-producer-1] Node -1 disconnected.
2026-07-21T00:31:50.989+05:30  WARN 25528 --- [user-service] [kafka-producer-network-thread | user-service-producer-1] org.apache.kafka.clients.NetworkClient   : [Producer clientId=user-service-producer-1] Connection to node -1 (localhost/127.0.0.1:9092) could not be established. Node may not be available.
2026-07-21T00:31:50.989+05:30  WARN 25528 --- [user-service] [kafka-producer-network-thread | user-service-producer-1] org.apache.kafka.clients.NetworkClient   : [Producer clientId=user-service-producer-1] Bootstrap broker localhost:9092 (id: -1 rack: null) disconnected
2026-07-21T00:31:51.996+05:30  INFO 25528 --- [user-service] [kafka-producer-network-thread | user-service-producer-1] org.apache.kafka.clients.NetworkClient   : [Producer clientId=user-service-producer-1] Node -1 disconnected.
2026-07-21T00:31:51.996+05:30  WARN 25528 --- [user-service] [kafka-producer-network-thread | user-service-producer-1] org.apache.kafka.clients.NetworkClient   : [Producer clientId=user-service-producer-1] Connection to node -1 (localhost/127.0.0.1:9092) could not be established. Node may not be available.
2026-07-21T00:31:51.996+05:30  WARN 25528 --- [user-service] [kafka-producer-network-thread | user-service-producer-1] org.apache.kafka.clients.NetworkClient   : [Producer clientId=user-service-producer-1] Bootstrap broker localhost:9092 (id: -1 rack: null) disconnected
2026-07-21T00:31:52.999+05:30  INFO 25528 --- [user-service] [kafka-producer-network-thread | user-service-producer-1] org.apache.kafka.clients.NetworkClient   : [Producer clientId=user-service-producer-1] Node -1 disconnected.
2026-07-21T00:31:52.999+05:30  WARN 25528 --- [user-service] [kafka-producer-network-thread | user-service-producer-1] org.apache.kafka.clients.NetworkClient   : [Producer clientId=user-service-producer-1] Connection to node -1 (localhost/127.0.0.1:9092) could not be established. Node may not be available.
2026-07-21T00:31:52.999+05:30  WARN 25528 --- [user-service] [kafka-producer-network-thread | user-service-producer-1] org.apache.kafka.clients.NetworkClient   : [Producer clientId=user-service-producer-1] Bootstrap broker localhost:9092 (id: -1 rack: null) disconnected
2026-07-21T00:31:54.006+05:30  INFO 25528 --- [user-service] [kafka-producer-network-thread | user-service-producer-1] org.apache.kafka.clients.NetworkClient   : [Producer clientId=user-service-producer-1] Node -1 disconnected.
2026-07-21T00:31:54.006+05:30  WARN 25528 --- [user-service] [kafka-producer-network-thread | user-service-producer-1] org.apache.kafka.clients.NetworkClient   : [Producer clientId=user-service-producer-1] Connection to node -1 (localhost/127.0.0.1:9092) could not be established. Node may not be available.
2026-07-21T00:31:54.006+05:30  WARN 25528 --- [user-service] [kafka-producer-network-thread | user-service-producer-1] org.apache.kafka.clients.NetworkClient   : [Producer clientId=user-service-producer-1] Bootstrap broker localhost:9092 (id: -1 rack: null) disconnected
2026-07-21T00:31:54.822+05:30  INFO 25528 --- [user-service] [kafka-producer-network-thread | user-service-producer-1] org.apache.kafka.clients.NetworkClient   : [Producer clientId=user-service-producer-1] Node -1 disconnected.
2026-07-21T00:31:54.824+05:30  WARN 25528 --- [user-service] [kafka-producer-network-thread | user-service-producer-1] org.apache.kafka.clients.NetworkClient   : [Producer clientId=user-service-producer-1] Connection to node -1 (localhost/127.0.0.1:9092) could not be established. Node may not be available.
2026-07-21T00:31:54.824+05:30  WARN 25528 --- [user-service] [kafka-producer-network-thread | user-service-producer-1] org.apache.kafka.clients.NetworkClient   : [Producer clientId=user-service-producer-1] Bootstrap broker localhost:9092 (id: -1 rack: null) disconnected
2026-07-21T00:31:55.847+05:30  INFO 25528 --- [user-service] [kafka-producer-network-thread | user-service-producer-1] org.apache.kafka.clients.NetworkClient   : [Producer clientId=user-service-producer-1] Node -1 disconnected.
2026-07-21T00:31:55.847+05:30  WARN 25528 --- [user-service] [kafka-producer-network-thread | user-service-producer-1] org.apache.kafka.clients.NetworkClient   : [Producer clientId=user-service-producer-1] Connection to node -1 (localhost/127.0.0.1:9092) could not be established. Node may not be available.
2026-07-21T00:31:55.847+05:30  WARN 25528 --- [user-service] [kafka-producer-network-thread | user-service-producer-1] org.apache.kafka.clients.NetworkClient   : [Producer clientId=user-service-producer-1] Bootstrap broker localhost:9092 (id: -1 rack: null) disconnected
2026-07-21T00:31:56.727+05:30  INFO 25528 --- [user-service] [kafka-producer-network-thread | user-service-producer-1] org.apache.kafka.clients.NetworkClient   : [Producer clientId=user-service-producer-1] Node -1 disconnected.
2026-07-21T00:31:56.727+05:30  WARN 25528 --- [user-service] [kafka-producer-network-thread | user-service-producer-1] org.apache.kafka.clients.NetworkClient   : [Producer clientId=user-service-producer-1] Connection to node -1 (localhost/127.0.0.1:9092) could not be established. Node may not be available.
2026-07-21T00:31:56.727+05:30  WARN 25528 --- [user-service] [kafka-producer-network-thread | user-service-producer-1] org.apache.kafka.clients.NetworkClient   : [Producer clientId=user-service-producer-1] Bootstrap broker localhost:9092 (id: -1 rack: null) disconnected
2026-07-21T00:31:57.681+05:30  INFO 25528 --- [user-service] [kafka-producer-network-thread | user-service-producer-1] org.apache.kafka.clients.NetworkClient   : [Producer clientId=user-service-producer-1] Node -1 disconnected.
2026-07-21T00:31:57.681+05:30  WARN 25528 --- [user-service] [kafka-producer-network-thread | user-service-producer-1] org.apache.kafka.clients.NetworkClient   : [Producer clientId=user-service-producer-1] Connection to node -1 (localhost/127.0.0.1:9092) could not be established. Node may not be available.
2026-07-21T00:31:57.681+05:30  WARN 25528 --- [user-service] [kafka-producer-network-thread | user-service-producer-1] org.apache.kafka.clients.NetworkClient   : [Producer clientId=user-service-producer-1] Bootstrap broker localhost:9092 (id: -1 rack: null) disconnected
2026-07-21T00:31:58.558+05:30  INFO 25528 --- [user-service] [kafka-producer-network-thread | user-service-producer-1] org.apache.kafka.clients.NetworkClient   : [Producer clientId=user-service-producer-1] Node -1 disconnected.
2026-07-21T00:31:58.558+05:30  WARN 25528 --- [user-service] [kafka-producer-network-thread | user-service-producer-1] org.apache.kafka.clients.NetworkClient   : [Producer clientId=user-service-producer-1] Connection to node -1 (localhost/127.0.0.1:9092) could not be established. Node may not be available.
2026-07-21T00:31:58.558+05:30  WARN 25528 --- [user-service] [kafka-producer-network-thread | user-service-producer-1] org.apache.kafka.clients.NetworkClient   : [Producer clientId=user-service-producer-1] Bootstrap broker localhost:9092 (id: -1 rack: null) disconnected
2026-07-21T00:31:59.582+05:30  INFO 25528 --- [user-service] [kafka-producer-network-thread | user-service-producer-1] org.apache.kafka.clients.NetworkClient   : [Producer clientId=user-service-producer-1] Node -1 disconnected.
2026-07-21T00:31:59.582+05:30  WARN 25528 --- [user-service] [kafka-producer-network-thread | user-service-producer-1] org.apache.kafka.clients.NetworkClient   : [Producer clientId=user-service-producer-1] Connection to node -1 (localhost/127.0.0.1:9092) could not be established. Node may not be available.
2026-07-21T00:31:59.582+05:30  WARN 25528 --- [user-service] [kafka-producer-network-thread | user-service-producer-1] org.apache.kafka.clients.NetworkClient   : [Producer clientId=user-service-producer-1] Bootstrap broker localhost:9092 (id: -1 rack: null) disconnected
2026-07-21T00:32:00.461+05:30  INFO 25528 --- [user-service] [kafka-producer-network-thread | user-service-producer-1] org.apache.kafka.clients.NetworkClient   : [Producer clientId=user-service-producer-1] Node -1 disconnected.
2026-07-21T00:32:00.461+05:30  WARN 25528 --- [user-service] [kafka-producer-network-thread | user-service-producer-1] org.apache.kafka.clients.NetworkClient   : [Producer clientId=user-service-producer-1] Connection to node -1 (localhost/127.0.0.1:9092) could not be established. Node may not be available.
2026-07-21T00:32:00.461+05:30  WARN 25528 --- [user-service] [kafka-producer-network-thread | user-service-producer-1] org.apache.kafka.clients.NetworkClient   : [Producer clientId=user-service-producer-1] Bootstrap broker localhost:9092 (id: -1 rack: null) disconnected
2026-07-21T00:32:01.398+05:30  INFO 25528 --- [user-service] [kafka-producer-network-thread | user-service-producer-1] org.apache.kafka.clients.NetworkClient   : [Producer clientId=user-service-producer-1] Node -1 disconnected.
2026-07-21T00:32:01.398+05:30  WARN 25528 --- [user-service] [kafka-producer-network-thread | user-service-producer-1] org.apache.kafka.clients.NetworkClient   : [Producer clientId=user-service-producer-1] Connection to node -1 (localhost/127.0.0.1:9092) could not be established. Node may not be available.
2026-07-21T00:32:01.398+05:30  WARN 25528 --- [user-service] [kafka-producer-network-thread | user-service-producer-1] org.apache.kafka.clients.NetworkClient   : [Producer clientId=user-service-producer-1] Bootstrap broker localhost:9092 (id: -1 rack: null) disconnected
2026-07-21T00:32:02.385+05:30  INFO 25528 --- [user-service] [kafka-producer-network-thread | user-service-producer-1] org.apache.kafka.clients.NetworkClient   : [Producer clientId=user-service-producer-1] Node -1 disconnected.
2026-07-21T00:32:02.386+05:30  WARN 25528 --- [user-service] [kafka-producer-network-thread | user-service-producer-1] org.apache.kafka.clients.NetworkClient   : [Producer clientId=user-service-producer-1] Connection to node -1 (localhost/127.0.0.1:9092) could not be established. Node may not be available.
2026-07-21T00:32:02.386+05:30  WARN 25528 --- [user-service] [kafka-producer-network-thread | user-service-producer-1] org.apache.kafka.clients.NetworkClient   : [Producer clientId=user-service-producer-1] Bootstrap broker localhost:9092 (id: -1 rack: null) disconnected
2026-07-21T00:32:03.300+05:30  INFO 25528 --- [user-service] [kafka-producer-network-thread | user-service-producer-1] org.apache.kafka.clients.NetworkClient   : [Producer clientId=user-service-producer-1] Node -1 disconnected.
2026-07-21T00:32:03.301+05:30  WARN 25528 --- [user-service] [kafka-producer-network-thread | user-service-producer-1] org.apache.kafka.clients.NetworkClient   : [Producer clientId=user-service-producer-1] Connection to node -1 (localhost/127.0.0.1:9092) could not be established. Node may not be available.
2026-07-21T00:32:03.301+05:30  WARN 25528 --- [user-service] [kafka-producer-network-thread | user-service-producer-1] org.apache.kafka.clients.NetworkClient   : [Producer clientId=user-service-producer-1] Bootstrap broker localhost:9092 (id: -1 rack: null) disconnected
2026-07-21T00:32:04.308+05:30  INFO 25528 --- [user-service] [kafka-producer-network-thread | user-service-producer-1] org.apache.kafka.clients.NetworkClient   : [Producer clientId=user-service-producer-1] Node -1 disconnected.
2026-07-21T00:32:04.309+05:30  WARN 25528 --- [user-service] [kafka-producer-network-thread | user-service-producer-1] org.apache.kafka.clients.NetworkClient   : [Producer clientId=user-service-producer-1] Connection to node -1 (localhost/127.0.0.1:9092) could not be established. Node may not be available.
2026-07-21T00:32:04.310+05:30  WARN 25528 --- [user-service] [kafka-producer-network-thread | user-service-producer-1] org.apache.kafka.clients.NetworkClient   : [Producer clientId=user-service-producer-1] Bootstrap broker localhost:9092 (id: -1 rack: null) disconnected
2026-07-21T00:32:05.350+05:30  INFO 25528 --- [user-service] [kafka-producer-network-thread | user-service-producer-1] org.apache.kafka.clients.NetworkClient   : [Producer clientId=user-service-producer-1] Node -1 disconnected.
2026-07-21T00:32:05.351+05:30  WARN 25528 --- [user-service] [kafka-producer-network-thread | user-service-producer-1] org.apache.kafka.clients.NetworkClient   : [Producer clientId=user-service-producer-1] Connection to node -1 (localhost/127.0.0.1:9092) could not be established. Node may not be available.
2026-07-21T00:32:05.351+05:30  WARN 25528 --- [user-service] [kafka-producer-network-thread | user-service-producer-1] org.apache.kafka.clients.NetworkClient   : [Producer clientId=user-service-producer-1] Bootstrap broker localhost:9092 (id: -1 rack: null) disconnected
2026-07-21T00:32:06.372+05:30  INFO 25528 --- [user-service] [kafka-producer-network-thread | user-service-producer-1] org.apache.kafka.clients.NetworkClient   : [Producer clientId=user-service-producer-1] Node -1 disconnected.
2026-07-21T00:32:06.373+05:30  WARN 25528 --- [user-service] [kafka-producer-network-thread | user-service-producer-1] org.apache.kafka.clients.NetworkClient   : [Producer clientId=user-service-producer-1] Connection to node -1 (localhost/127.0.0.1:9092) could not be established. Node may not be available.
2026-07-21T00:32:06.373+05:30  WARN 25528 --- [user-service] [kafka-producer-network-thread | user-service-producer-1] org.apache.kafka.clients.NetworkClient   : [Producer clientId=user-service-producer-1] Bootstrap broker localhost:9092 (id: -1 rack: null) disconnected
2026-07-21T00:32:07.385+05:30  INFO 25528 --- [user-service] [kafka-producer-network-thread | user-service-producer-1] org.apache.kafka.clients.NetworkClient   : [Producer clientId=user-service-producer-1] Node -1 disconnected.
2026-07-21T00:32:07.386+05:30  WARN 25528 --- [user-service] [kafka-producer-network-thread | user-service-producer-1] org.apache.kafka.clients.NetworkClient   : [Producer clientId=user-service-producer-1] Connection to node -1 (localhost/127.0.0.1:9092) could not be established. Node may not be available.
2026-07-21T00:32:07.386+05:30  WARN 25528 --- [user-service] [kafka-producer-network-thread | user-service-producer-1] org.apache.kafka.clients.NetworkClient   : [Producer clientId=user-service-producer-1] Bootstrap broker localhost:9092 (id: -1 rack: null) disconnected
2026-07-21T00:32:08.429+05:30  INFO 25528 --- [user-service] [kafka-producer-network-thread | user-service-producer-1] org.apache.kafka.clients.NetworkClient   : [Producer clientId=user-service-producer-1] Node -1 disconnected.
2026-07-21T00:32:08.429+05:30  WARN 25528 --- [user-service] [kafka-producer-network-thread | user-service-producer-1] org.apache.kafka.clients.NetworkClient   : [Producer clientId=user-service-producer-1] Connection to node -1 (localhost/127.0.0.1:9092) could not be established. Node may not be available.
2026-07-21T00:32:08.429+05:30  WARN 25528 --- [user-service] [kafka-producer-network-thread | user-service-producer-1] org.apache.kafka.clients.NetworkClient   : [Producer clientId=user-service-producer-1] Bootstrap broker localhost:9092 (id: -1 rack: null) disconnected
2026-07-21T00:32:09.349+05:30  INFO 25528 --- [user-service] [kafka-producer-network-thread | user-service-producer-1] org.apache.kafka.clients.NetworkClient   : [Producer clientId=user-service-producer-1] Node -1 disconnected.
2026-07-21T00:32:09.349+05:30  WARN 25528 --- [user-service] [kafka-producer-network-thread | user-service-producer-1] org.apache.kafka.clients.NetworkClient   : [Producer clientId=user-service-producer-1] Connection to node -1 (localhost/127.0.0.1:9092) could not be established. Node may not be available.
2026-07-21T00:32:09.349+05:30  WARN 25528 --- [user-service] [kafka-producer-network-thread | user-service-producer-1] org.apache.kafka.clients.NetworkClient   : [Producer clientId=user-service-producer-1] Bootstrap broker localhost:9092 (id: -1 rack: null) disconnected
2026-07-21T00:32:10.267+05:30  INFO 25528 --- [user-service] [kafka-producer-network-thread | user-service-producer-1] org.apache.kafka.clients.NetworkClient   : [Producer clientId=user-service-producer-1] Node -1 disconnected.
2026-07-21T00:32:10.268+05:30  WARN 25528 --- [user-service] [kafka-producer-network-thread | user-service-producer-1] org.apache.kafka.clients.NetworkClient   : [Producer clientId=user-service-producer-1] Connection to node -1 (localhost/127.0.0.1:9092) could not be established. Node may not be available.
2026-07-21T00:32:10.268+05:30  WARN 25528 --- [user-service] [kafka-producer-network-thread | user-service-producer-1] org.apache.kafka.clients.NetworkClient   : [Producer clientId=user-service-producer-1] Bootstrap broker localhost:9092 (id: -1 rack: null) disconnected
2026-07-21T00:32:11.122+05:30  INFO 25528 --- [user-service] [kafka-producer-network-thread | user-service-producer-1] org.apache.kafka.clients.NetworkClient   : [Producer clientId=user-service-producer-1] Node -1 disconnected.
2026-07-21T00:32:11.122+05:30  WARN 25528 --- [user-service] [kafka-producer-network-thread | user-service-producer-1] org.apache.kafka.clients.NetworkClient   : [Producer clientId=user-service-producer-1] Connection to node -1 (localhost/127.0.0.1:9092) could not be established. Node may not be available.
2026-07-21T00:32:11.123+05:30  WARN 25528 --- [user-service] [kafka-producer-network-thread | user-service-producer-1] org.apache.kafka.clients.NetworkClient   : [Producer clientId=user-service-producer-1] Bootstrap broker localhost:9092 (id: -1 rack: null) disconnected
2026-07-21T00:32:12.115+05:30  INFO 25528 --- [user-service] [kafka-producer-network-thread | user-service-producer-1] org.apache.kafka.clients.NetworkClient   : [Producer clientId=user-service-producer-1] Node -1 disconnected.
2026-07-21T00:32:12.115+05:30  WARN 25528 --- [user-service] [kafka-producer-network-thread | user-service-producer-1] org.apache.kafka.clients.NetworkClient   : [Producer clientId=user-service-producer-1] Connection to node -1 (localhost/127.0.0.1:9092) could not be established. Node may not be available.
2026-07-21T00:32:12.116+05:30  WARN 25528 --- [user-service] [kafka-producer-network-thread | user-service-producer-1] org.apache.kafka.clients.NetworkClient   : [Producer clientId=user-service-producer-1] Bootstrap broker localhost:9092 (id: -1 rack: null) disconnected
2026-07-21T00:32:13.128+05:30  INFO 25528 --- [user-service] [kafka-producer-network-thread | user-service-producer-1] org.apache.kafka.clients.NetworkClient   : [Producer clientId=user-service-producer-1] Node -1 disconnected.
2026-07-21T00:32:13.129+05:30  WARN 25528 --- [user-service] [kafka-producer-network-thread | user-service-producer-1] org.apache.kafka.clients.NetworkClient   : [Producer clientId=user-service-producer-1] Connection to node -1 (localhost/127.0.0.1:9092) could not be established. Node may not be available.
2026-07-21T00:32:13.129+05:30  WARN 25528 --- [user-service] [kafka-producer-network-thread | user-service-producer-1] org.apache.kafka.clients.NetworkClient   : [Producer clientId=user-service-producer-1] Bootstrap broker localhost:9092 (id: -1 rack: null) disconnected
2026-07-21T00:32:14.043+05:30  INFO 25528 --- [user-service] [kafka-producer-network-thread | user-service-producer-1] org.apache.kafka.clients.NetworkClient   : [Producer clientId=user-service-producer-1] Node -1 disconnected.
2026-07-21T00:32:14.044+05:30  WARN 25528 --- [user-service] [kafka-producer-network-thread | user-service-producer-1] org.apache.kafka.clients.NetworkClient   : [Producer clientId=user-service-producer-1] Connection to node -1 (localhost/127.0.0.1:9092) could not be established. Node may not be available.
2026-07-21T00:32:14.044+05:30  WARN 25528 --- [user-service] [kafka-producer-network-thread | user-service-producer-1] org.apache.kafka.clients.NetworkClient   : [Producer clientId=user-service-producer-1] Bootstrap broker localhost:9092 (id: -1 rack: null) disconnected
2026-07-21T00:32:14.897+05:30  INFO 25528 --- [user-service] [kafka-producer-network-thread | user-service-producer-1] org.apache.kafka.clients.NetworkClient   : [Producer clientId=user-service-producer-1] Node -1 disconnected.
2026-07-21T00:32:14.898+05:30  WARN 25528 --- [user-service] [kafka-producer-network-thread | user-service-producer-1] org.apache.kafka.clients.NetworkClient   : [Producer clientId=user-service-producer-1] Connection to node -1 (localhost/127.0.0.1:9092) could not be established. Node may not be available.
2026-07-21T00:32:14.898+05:30  WARN 25528 --- [user-service] [kafka-producer-network-thread | user-service-producer-1] org.apache.kafka.clients.NetworkClient   : [Producer clientId=user-service-producer-1] Bootstrap broker localhost:9092 (id: -1 rack: null) disconnected
2026-07-21T00:32:15.908+05:30  INFO 25528 --- [user-service] [kafka-producer-network-thread | user-service-producer-1] org.apache.kafka.clients.NetworkClient   : [Producer clientId=user-service-producer-1] Node -1 disconnected.
2026-07-21T00:32:15.909+05:30  WARN 25528 --- [user-service] [kafka-producer-network-thread | user-service-producer-1] org.apache.kafka.clients.NetworkClient   : [Producer clientId=user-service-producer-1] Connection to node -1 (localhost/127.0.0.1:9092) could not be established. Node may not be available.
2026-07-21T00:32:15.909+05:30  WARN 25528 --- [user-service] [kafka-producer-network-thread | user-service-producer-1] org.apache.kafka.clients.NetworkClient   : [Producer clientId=user-service-producer-1] Bootstrap broker localhost:9092 (id: -1 rack: null) disconnected
2026-07-21T00:32:16.824+05:30  INFO 25528 --- [user-service] [kafka-producer-network-thread | user-service-producer-1] org.apache.kafka.clients.NetworkClient   : [Producer clientId=user-service-producer-1] Node -1 disconnected.
2026-07-21T00:32:16.824+05:30  WARN 25528 --- [user-service] [kafka-producer-network-thread | user-service-producer-1] org.apache.kafka.clients.NetworkClient   : [Producer clientId=user-service-producer-1] Connection to node -1 (localhost/127.0.0.1:9092) could not be established. Node may not be available.
2026-07-21T00:32:16.825+05:30  WARN 25528 --- [user-service] [kafka-producer-network-thread | user-service-producer-1] org.apache.kafka.clients.NetworkClient   : [Producer clientId=user-service-producer-1] Bootstrap broker localhost:9092 (id: -1 rack: null) disconnected
2026-07-21T00:32:17.737+05:30  INFO 25528 --- [user-service] [kafka-producer-network-thread | user-service-producer-1] org.apache.kafka.clients.NetworkClient   : [Producer clientId=user-service-producer-1] Node -1 disconnected.
2026-07-21T00:32:17.737+05:30  WARN 25528 --- [user-service] [kafka-producer-network-thread | user-service-producer-1] org.apache.kafka.clients.NetworkClient   : [Producer clientId=user-service-producer-1] Connection to node -1 (localhost/127.0.0.1:9092) could not be established. Node may not be available.
2026-07-21T00:32:17.737+05:30  WARN 25528 --- [user-service] [kafka-producer-network-thread | user-service-producer-1] org.apache.kafka.clients.NetworkClient   : [Producer clientId=user-service-producer-1] Bootstrap broker localhost:9092 (id: -1 rack: null) disconnected
2026-07-21T00:32:18.654+05:30  INFO 25528 --- [user-service] [kafka-producer-network-thread | user-service-producer-1] org.apache.kafka.clients.NetworkClient   : [Producer clientId=user-service-producer-1] Node -1 disconnected.
2026-07-21T00:32:18.655+05:30  WARN 25528 --- [user-service] [kafka-producer-network-thread | user-service-producer-1] org.apache.kafka.clients.NetworkClient   : [Producer clientId=user-service-producer-1] Connection to node -1 (localhost/127.0.0.1:9092) could not be established. Node may not be available.
2026-07-21T00:32:18.655+05:30  WARN 25528 --- [user-service] [kafka-producer-network-thread | user-service-producer-1] org.apache.kafka.clients.NetworkClient   : [Producer clientId=user-service-producer-1] Bootstrap broker localhost:9092 (id: -1 rack: null) disconnected
2026-07-21T00:32:19.634+05:30  INFO 25528 --- [user-service] [kafka-producer-network-thread | user-service-producer-1] org.apache.kafka.clients.NetworkClient   : [Producer clientId=user-service-producer-1] Node -1 disconnected.
2026-07-21T00:32:19.635+05:30  WARN 25528 --- [user-service] [kafka-producer-network-thread | user-service-producer-1] org.apache.kafka.clients.NetworkClient   : [Producer clientId=user-service-producer-1] Connection to node -1 (localhost/127.0.0.1:9092) could not be established. Node may not be available.
2026-07-21T00:32:19.635+05:30  WARN 25528 --- [user-service] [kafka-producer-network-thread | user-service-producer-1] org.apache.kafka.clients.NetworkClient   : [Producer clientId=user-service-producer-1] Bootstrap broker localhost:9092 (id: -1 rack: null) disconnected
2026-07-21T00:32:20.494+05:30  INFO 25528 --- [user-service] [kafka-producer-network-thread | user-service-producer-1] org.apache.kafka.clients.NetworkClient   : [Producer clientId=user-service-producer-1] Node -1 disconnected.
2026-07-21T00:32:20.495+05:30  WARN 25528 --- [user-service] [kafka-producer-network-thread | user-service-producer-1] org.apache.kafka.clients.NetworkClient   : [Producer clientId=user-service-producer-1] Connection to node -1 (localhost/127.0.0.1:9092) could not be established. Node may not be available.
2026-07-21T00:32:20.495+05:30  WARN 25528 --- [user-service] [kafka-producer-network-thread | user-service-producer-1] org.apache.kafka.clients.NetworkClient   : [Producer clientId=user-service-producer-1] Bootstrap broker localhost:9092 (id: -1 rack: null) disconnected
2026-07-21T00:32:21.347+05:30  INFO 25528 --- [user-service] [kafka-producer-network-thread | user-service-producer-1] org.apache.kafka.clients.NetworkClient   : [Producer clientId=user-service-producer-1] Node -1 disconnected.
2026-07-21T00:32:21.347+05:30  WARN 25528 --- [user-service] [kafka-producer-network-thread | user-service-producer-1] org.apache.kafka.clients.NetworkClient   : [Producer clientId=user-service-producer-1] Connection to node -1 (localhost/127.0.0.1:9092) could not be established. Node may not be available.
2026-07-21T00:32:21.347+05:30  WARN 25528 --- [user-service] [kafka-producer-network-thread | user-service-producer-1] org.apache.kafka.clients.NetworkClient   : [Producer clientId=user-service-producer-1] Bootstrap broker localhost:9092 (id: -1 rack: null) disconnected
2026-07-21T00:32:22.250+05:30  INFO 25528 --- [user-service] [kafka-producer-network-thread | user-service-producer-1] org.apache.kafka.clients.NetworkClient   : [Producer clientId=user-service-producer-1] Node -1 disconnected.
2026-07-21T00:32:22.250+05:30  WARN 25528 --- [user-service] [kafka-producer-network-thread | user-service-producer-1] org.apache.kafka.clients.NetworkClient   : [Producer clientId=user-service-producer-1] Connection to node -1 (localhost/127.0.0.1:9092) could not be established. Node may not be available.
2026-07-21T00:32:22.250+05:30  WARN 25528 --- [user-service] [kafka-producer-network-thread | user-service-producer-1] org.apache.kafka.clients.NetworkClient   : [Producer clientId=user-service-producer-1] Bootstrap broker localhost:9092 (id: -1 rack: null) disconnected
2026-07-21T00:32:23.261+05:30  INFO 25528 --- [user-service] [kafka-producer-network-thread | user-service-producer-1] org.apache.kafka.clients.NetworkClient   : [Producer clientId=user-service-producer-1] Node -1 disconnected.
2026-07-21T00:32:23.262+05:30  WARN 25528 --- [user-service] [kafka-producer-network-thread | user-service-producer-1] org.apache.kafka.clients.NetworkClient   : [Producer clientId=user-service-producer-1] Connection to node -1 (localhost/127.0.0.1:9092) could not be established. Node may not be available.
2026-07-21T00:32:23.262+05:30  WARN 25528 --- [user-service] [kafka-producer-network-thread | user-service-producer-1] org.apache.kafka.clients.NetworkClient   : [Producer clientId=user-service-producer-1] Bootstrap broker localhost:9092 (id: -1 rack: null) disconnected
2026-07-21T00:32:24.275+05:30  INFO 25528 --- [user-service] [kafka-producer-network-thread | user-service-producer-1] org.apache.kafka.clients.NetworkClient   : [Producer clientId=user-service-producer-1] Node -1 disconnected.
2026-07-21T00:32:24.276+05:30  WARN 25528 --- [user-service] [kafka-producer-network-thread | user-service-producer-1] org.apache.kafka.clients.NetworkClient   : [Producer clientId=user-service-producer-1] Connection to node -1 (localhost/127.0.0.1:9092) could not be established. Node may not be available.
2026-07-21T00:32:24.276+05:30  WARN 25528 --- [user-service] [kafka-producer-network-thread | user-service-producer-1] org.apache.kafka.clients.NetworkClient   : [Producer clientId=user-service-producer-1] Bootstrap broker localhost:9092 (id: -1 rack: null) disconnected
2026-07-21T00:32:25.126+05:30  INFO 25528 --- [user-service] [kafka-producer-network-thread | user-service-producer-1] org.apache.kafka.clients.NetworkClient   : [Producer clientId=user-service-producer-1] Node -1 disconnected.
2026-07-21T00:32:25.126+05:30  WARN 25528 --- [user-service] [kafka-producer-network-thread | user-service-producer-1] org.apache.kafka.clients.NetworkClient   : [Producer clientId=user-service-producer-1] Connection to node -1 (localhost/127.0.0.1:9092) could not be established. Node may not be available.
2026-07-21T00:32:25.126+05:30  WARN 25528 --- [user-service] [kafka-producer-network-thread | user-service-producer-1] org.apache.kafka.clients.NetworkClient   : [Producer clientId=user-service-producer-1] Bootstrap broker localhost:9092 (id: -1 rack: null) disconnected
2026-07-21T00:32:26.148+05:30  INFO 25528 --- [user-service] [kafka-producer-network-thread | user-service-producer-1] org.apache.kafka.clients.NetworkClient   : [Producer clientId=user-service-producer-1] Node -1 disconnected.
2026-07-21T00:32:26.149+05:30  WARN 25528 --- [user-service] [kafka-producer-network-thread | user-service-producer-1] org.apache.kafka.clients.NetworkClient   : [Producer clientId=user-service-producer-1] Connection to node -1 (localhost/127.0.0.1:9092) could not be established. Node may not be available.
2026-07-21T00:32:26.149+05:30  WARN 25528 --- [user-service] [kafka-producer-network-thread | user-service-producer-1] org.apache.kafka.clients.NetworkClient   : [Producer clientId=user-service-producer-1] Bootstrap broker localhost:9092 (id: -1 rack: null) disconnected
2026-07-21T00:32:26.321+05:30 ERROR 25528 --- [user-service] [http-nio-8085-exec-1] o.s.k.support.LoggingProducerListener    : Exception thrown when sending a message with key='null' and payload='CustomerCreatedEvent(name=pritam pedro, firstName=null, middleName=null, lastName=null, mobile=ENCRY...' to topic order_topic_3:

org.apache.kafka.common.errors.TimeoutException: Topic order_topic_3 not present in metadata after 60000 ms.

2026-07-21T00:32:26.331+05:30  WARN 25528 --- [user-service] [http-nio-8085-exec-1] .m.m.a.ExceptionHandlerExceptionResolver : Resolved [org.springframework.kafka.KafkaException: Send failed]
2026-07-21T00:32:27.191+05:30  INFO 25528 --- [user-service] [kafka-producer-network-thread | user-service-producer-1] org.apache.kafka.clients.NetworkClient   : [Producer clientId=user-service-producer-1] Node -1 disconnected.
2026-07-21T00:32:27.191+05:30  WARN 25528 --- [user-service] [kafka-producer-network-thread | user-service-producer-1] org.apache.kafka.clients.NetworkClient   : [Producer clientId=user-service-producer-1] Connection to node -1 (localhost/127.0.0.1:9092) could not be established. Node may not be available.
2026-07-21T00:32:27.191+05:30  WARN 25528 --- [user-service] [kafka-producer-network-thread | user-service-producer-1] org.apache.kafka.clients.NetworkClient   : [Producer clientId=user-service-producer-1] Bootstrap broker localhost:9092 (id: -1 rack: null) disconnected
2026-07-21T00:32:27.782+05:30  INFO 25528 --- [user-service] [AsyncResolver-bootstrap-executor-%d] c.n.d.s.r.aws.ConfigClusterResolver      : Resolving eureka endpoints via configuration
2026-07-21T00:32:28.107+05:30  INFO 25528 --- [user-service] [kafka-producer-network-thread | user-service-producer-1] org.apache.kafka.clients.NetworkClient   : [Producer clientId=user-service-producer-1] Node -1 disconnected.
2026-07-21T00:32:28.108+05:30  WARN 25528 --- [user-service] [kafka-producer-network-thread | user-service-producer-1] org.apache.kafka.clients.NetworkClient   : [Producer clientId=user-service-producer-1] Connection to node -1 (localhost/127.0.0.1:9092) could not be established. Node may not be available.
2026-07-21T00:32:28.108+05:30  WARN 25528 --- [user-service] [kafka-producer-network-thread | user-service-producer-1] org.apache.kafka.clients.NetworkClient   : [Producer clientId=user-service-producer-1] Bootstrap broker localhost:9092 (id: -1 rack: null) disconnected
2026-07-21T00:32:29.150+05:30  INFO 25528 --- [user-service] [kafka-producer-network-thread | user-service-producer-1] org.apache.kafka.clients.NetworkClient   : [Producer clientId=user-service-producer-1] Node -1 disconnected.
2026-07-21T00:32:29.150+05:30  WARN 25528 --- [user-service] [kafka-producer-network-thread | user-service-producer-1] org.apache.kafka.clients.NetworkClient   : [Producer clientId=user-service-producer-1] Connection to node -1 (localhost/127.0.0.1:9092) could not be established. Node may not be available.
2026-07-21T00:32:29.150+05:30  WARN 25528 --- [user-service] [kafka-producer-network-thread | user-service-producer-1] org.apache.kafka.clients.NetworkClient   : [Producer clientId=user-service-producer-1] Bootstrap broker localhost:9092 (id: -1 rack: null) disconnected
2026-07-21T00:32:30.158+05:30  INFO 25528 --- [user-service] [kafka-producer-network-thread | user-service-producer-1] org.apache.kafka.clients.NetworkClient   : [Producer clientId=user-service-producer-1] Node -1 disconnected.
2026-07-21T00:32:30.159+05:30  WARN 25528 --- [user-service] [kafka-producer-network-thread | user-service-producer-1] org.apache.kafka.clients.NetworkClient   : [Producer clientId=user-service-producer-1] Connection to node -1 (localhost/127.0.0.1:9092) could not be established. Node may not be available.
2026-07-21T00:32:30.159+05:30  WARN 25528 --- [user-service] [kafka-producer-network-thread | user-service-producer-1] org.apache.kafka.clients.NetworkClient   : [Producer clientId=user-service-producer-1] Bootstrap broker localhost:9092 (id: -1 rack: null) disconnected
2026-07-21T00:32:31.139+05:30  INFO 25528 --- [user-service] [kafka-producer-network-thread | user-service-producer-1] org.apache.kafka.clients.NetworkClient   : [Producer clientId=user-service-producer-1] Node -1 disconnected.
2026-07-21T00:32:31.140+05:30  WARN 25528 --- [user-service] [kafka-producer-network-thread | user-service-producer-1] org.apache.kafka.clients.NetworkClient   : [Producer clientId=user-service-producer-1] Connection to node -1 (localhost/127.0.0.1:9092) could not be established. Node may not be available.
2026-07-21T00:32:31.140+05:30  WARN 25528 --- [user-service] [kafka-producer-network-thread | user-service-producer-1] org.apache.kafka.clients.NetworkClient   : [Producer clientId=user-service-producer-1] Bootstrap broker localhost:9092 (id: -1 rack: null) disconnected
2026-07-21T00:32:31.995+05:30  INFO 25528 --- [user-service] [kafka-producer-network-thread | user-service-producer-1] org.apache.kafka.clients.NetworkClient   : [Producer clientId=user-service-producer-1] Node -1 disconnected.
2026-07-21T00:32:31.996+05:30  WARN 25528 --- [user-service] [kafka-producer-network-thread | user-service-producer-1] org.apache.kafka.clients.NetworkClient   : [Producer clientId=user-service-producer-1] Connection to node -1 (localhost/127.0.0.1:9092) could not be established. Node may not be available.
2026-07-21T00:32:31.996+05:30  WARN 25528 --- [user-service] [kafka-producer-network-thread | user-service-producer-1] org.apache.kafka.clients.NetworkClient   : [Producer clientId=user-service-producer-1] Bootstrap broker localhost:9092 (id: -1 rack: null) disconnected
2026-07-21T00:32:32.911+05:30  INFO 25528 --- [user-service] [kafka-producer-network-thread | user-service-producer-1] org.apache.kafka.clients.NetworkClient   : [Producer clientId=user-service-producer-1] Node -1 disconnected.
2026-07-21T00:32:32.911+05:30  WARN 25528 --- [user-service] [kafka-producer-network-thread | user-service-producer-1] org.apache.kafka.clients.NetworkClient   : [Producer clientId=user-service-producer-1] Connection to node -1 (localhost/127.0.0.1:9092) could not be established. Node may not be available.
2026-07-21T00:32:32.912+05:30  WARN 25528 --- [user-service] [kafka-producer-network-thread | user-service-producer-1] org.apache.kafka.clients.NetworkClient   : [Producer clientId=user-service-producer-1] Bootstrap broker localhost:9092 (id: -1 rack: null) disconnected
2026-07-21T00:32:33.956+05:30  INFO 25528 --- [user-service] [kafka-producer-network-thread | user-service-producer-1] org.apache.kafka.clients.NetworkClient   : [Producer clientId=user-service-producer-1] Node -1 disconnected.
2026-07-21T00:32:33.956+05:30  WARN 25528 --- [user-service] [kafka-producer-network-thread | user-service-producer-1] org.apache.kafka.clients.NetworkClient   : [Producer clientId=user-service-producer-1] Connection to node -1 (localhost/127.0.0.1:9092) could not be established. Node may not be available.
2026-07-21T00:32:33.956+05:30  WARN 25528 --- [user-service] [kafka-producer-network-thread | user-service-producer-1] org.apache.kafka.clients.NetworkClient   : [Producer clientId=user-service-producer-1] Bootstrap broker localhost:9092 (id: -1 rack: null) disconnected
2026-07-21T00:32:34.871+05:30  INFO 25528 --- [user-service] [kafka-producer-network-thread | user-service-producer-1] org.apache.kafka.clients.NetworkClient   : [Producer clientId=user-service-producer-1] Node -1 disconnected.
2026-07-21T00:32:34.871+05:30  WARN 25528 --- [user-service] [kafka-producer-network-thread | user-service-producer-1] org.apache.kafka.clients.NetworkClient   : [Producer clientId=user-service-producer-1] Connection to node -1 (localhost/127.0.0.1:9092) could not be established. Node may not be available.
2026-07-21T00:32:34.871+05:30  WARN 25528 --- [user-service] [kafka-producer-network-thread | user-service-producer-1] org.apache.kafka.clients.NetworkClient   : [Producer clientId=user-service-producer-1] Bootstrap broker localhost:9092 (id: -1 rack: null) disconnected
2026-07-21T00:32:35.919+05:30  INFO 25528 --- [user-service] [kafka-producer-network-thread | user-service-producer-1] org.apache.kafka.clients.NetworkClient   : [Producer clientId=user-service-producer-1] Node -1 disconnected.
2026-07-21T00:32:35.919+05:30  WARN 25528 --- [user-service] [kafka-producer-network-thread | user-service-producer-1] org.apache.kafka.clients.NetworkClient   : [Producer clientId=user-service-producer-1] Connection to node -1 (localhost/127.0.0.1:9092) could not be established. Node may not be available.
2026-07-21T00:32:35.919+05:30  WARN 25528 --- [user-service] [kafka-producer-network-thread | user-service-producer-1] org.apache.kafka.clients.NetworkClient   : [Producer clientId=user-service-producer-1] Bootstrap broker localhost:9092 (id: -1 rack: null) disconnected
2026-07-21T00:32:36.959+05:30  INFO 25528 --- [user-service] [kafka-producer-network-thread | user-service-producer-1] org.apache.kafka.clients.NetworkClient   : [Producer clientId=user-service-producer-1] Node -1 disconnected.
2026-07-21T00:32:36.959+05:30  WARN 25528 --- [user-service] [kafka-producer-network-thread | user-service-producer-1] org.apache.kafka.clients.NetworkClient   : [Producer clientId=user-service-producer-1] Connection to node -1 (localhost/127.0.0.1:9092) could not be established. Node may not be available.
2026-07-21T00:32:36.959+05:30  WARN 25528 --- [user-service] [kafka-producer-network-thread | user-service-producer-1] org.apache.kafka.clients.NetworkClient   : [Producer clientId=user-service-producer-1] Bootstrap broker localhost:9092 (id: -1 rack: null) disconnected
2026-07-21T00:32:37.861+05:30  INFO 25528 --- [user-service] [kafka-producer-network-thread | user-service-producer-1] org.apache.kafka.clients.NetworkClient   : [Producer clientId=user-service-producer-1] Node -1 disconnected.
2026-07-21T00:32:37.862+05:30  WARN 25528 --- [user-service] [kafka-producer-network-thread | user-service-producer-1] org.apache.kafka.clients.NetworkClient   : [Producer clientId=user-service-producer-1] Connection to node -1 (localhost/127.0.0.1:9092) could not be established. Node may not be available.
2026-07-21T00:32:37.862+05:30  WARN 25528 --- [user-service] [kafka-producer-network-thread | user-service-producer-1] org.apache.kafka.clients.NetworkClient   : [Producer clientId=user-service-producer-1] Bootstrap broker localhost:9092 (id: -1 rack: null) disconnected
2026-07-21T00:32:38.902+05:30  INFO 25528 --- [user-service] [kafka-producer-network-thread | user-service-producer-1] org.apache.kafka.clients.NetworkClient   : [Producer clientId=user-service-producer-1] Node -1 disconnected.
2026-07-21T00:32:38.903+05:30  WARN 25528 --- [user-service] [kafka-producer-network-thread | user-service-producer-1] org.apache.kafka.clients.NetworkClient   : [Producer clientId=user-service-producer-1] Connection to node -1 (localhost/127.0.0.1:9092) could not be established. Node may not be available.
2026-07-21T00:32:38.903+05:30  WARN 25528 --- [user-service] [kafka-producer-network-thread | user-service-producer-1] org.apache.kafka.clients.NetworkClient   : [Producer clientId=user-service-producer-1] Bootstrap broker localhost:9092 (id: -1 rack: null) disconnected
2026-07-21T00:32:39.943+05:30  INFO 25528 --- [user-service] [kafka-producer-network-thread | user-service-producer-1] org.apache.kafka.clients.NetworkClient   : [Producer clientId=user-service-producer-1] Node -1 disconnected.
2026-07-21T00:32:39.944+05:30  WARN 25528 --- [user-service] [kafka-producer-network-thread | user-service-producer-1] org.apache.kafka.clients.NetworkClient   : [Producer clientId=user-service-producer-1] Connection to node -1 (localhost/127.0.0.1:9092) could not be established. Node may not be available.
2026-07-21T00:32:39.944+05:30  WARN 25528 --- [user-service] [kafka-producer-network-thread | user-service-producer-1] org.apache.kafka.clients.NetworkClient   : [Producer clientId=user-service-producer-1] Bootstrap broker localhost:9092 (id: -1 rack: null) disconnected
2026-07-21T00:32:40.949+05:30  INFO 25528 --- [user-service] [kafka-producer-network-thread | user-service-producer-1] org.apache.kafka.clients.NetworkClient   : [Producer clientId=user-service-producer-1] Node -1 disconnected.
2026-07-21T00:32:40.950+05:30  WARN 25528 --- [user-service] [kafka-producer-network-thread | user-service-producer-1] org.apache.kafka.clients.NetworkClient   : [Producer clientId=user-service-producer-1] Connection to node -1 (localhost/127.0.0.1:9092) could not be established. Node may not be available.
2026-07-21T00:32:40.950+05:30  WARN 25528 --- [user-service] [kafka-producer-network-thread | user-service-producer-1] org.apache.kafka.clients.NetworkClient   : [Producer clientId=user-service-producer-1] Bootstrap broker localhost:9092 (id: -1 rack: null) disconnected
2026-07-21T00:32:41.929+05:30  INFO 25528 --- [user-service] [kafka-producer-network-thread | user-service-producer-1] org.apache.kafka.clients.NetworkClient   : [Producer clientId=user-service-producer-1] Node -1 disconnected.
2026-07-21T00:32:41.930+05:30  WARN 25528 --- [user-service] [kafka-producer-network-thread | user-service-producer-1] org.apache.kafka.clients.NetworkClient   : [Producer clientId=user-service-producer-1] Connection to node -1 (localhost/127.0.0.1:9092) could not be established. Node may not be available.
2026-07-21T00:32:41.930+05:30  WARN 25528 --- [user-service] [kafka-producer-network-thread | user-service-producer-1] org.apache.kafka.clients.NetworkClient   : [Producer clientId=user-service-producer-1] Bootstrap broker localhost:9092 (id: -1 rack: null) disconnected
2026-07-21T00:32:42.939+05:30  INFO 25528 --- [user-service] [kafka-producer-network-thread | user-service-producer-1] org.apache.kafka.clients.NetworkClient   : [Producer clientId=user-service-producer-1] Node -1 disconnected.
2026-07-21T00:32:42.940+05:30  WARN 25528 --- [user-service] [kafka-producer-network-thread | user-service-producer-1] org.apache.kafka.clients.NetworkClient   : [Producer clientId=user-service-producer-1] Connection to node -1 (localhost/127.0.0.1:9092) could not be established. Node may not be available.
2026-07-21T00:32:42.940+05:30  WARN 25528 --- [user-service] [kafka-producer-network-thread | user-service-producer-1] org.apache.kafka.clients.NetworkClient   : [Producer clientId=user-service-producer-1] Bootstrap broker localhost:9092 (id: -1 rack: null) disconnected
2026-07-21T00:32:43.793+05:30  INFO 25528 --- [user-service] [kafka-producer-network-thread | user-service-producer-1] org.apache.kafka.clients.NetworkClient   : [Producer clientId=user-service-producer-1] Node -1 disconnected.
2026-07-21T00:32:43.793+05:30  WARN 25528 --- [user-service] [kafka-producer-network-thread | user-service-producer-1] org.apache.kafka.clients.NetworkClient   : [Producer clientId=user-service-producer-1] Connection to node -1 (localhost/127.0.0.1:9092) could not be established. Node may not be available.
2026-07-21T00:32:43.793+05:30  WARN 25528 --- [user-service] [kafka-producer-network-thread | user-service-producer-1] org.apache.kafka.clients.NetworkClient   : [Producer clientId=user-service-producer-1] Bootstrap broker localhost:9092 (id: -1 rack: null) disconnected
2026-07-21T00:32:44.819+05:30  INFO 25528 --- [user-service] [kafka-producer-network-thread | user-service-producer-1] org.apache.kafka.clients.NetworkClient   : [Producer clientId=user-service-producer-1] Node -1 disconnected.
2026-07-21T00:32:44.819+05:30  WARN 25528 --- [user-service] [kafka-producer-network-thread | user-service-producer-1] org.apache.kafka.clients.NetworkClient   : [Producer clientId=user-service-producer-1] Connection to node -1 (localhost/127.0.0.1:9092) could not be established. Node may not be available.
2026-07-21T00:32:44.820+05:30  WARN 25528 --- [user-service] [kafka-producer-network-thread | user-service-producer-1] org.apache.kafka.clients.NetworkClient   : [Producer clientId=user-service-producer-1] Bootstrap broker localhost:9092 (id: -1 rack: null) disconnected
2026-07-21T00:32:45.857+05:30  INFO 25528 --- [user-service] [kafka-producer-network-thread | user-service-producer-1] org.apache.kafka.clients.NetworkClient   : [Producer clientId=user-service-producer-1] Node -1 disconnected.
2026-07-21T00:32:45.857+05:30  WARN 25528 --- [user-service] [kafka-producer-network-thread | user-service-producer-1] org.apache.kafka.clients.NetworkClient   : [Producer clientId=user-service-producer-1] Connection to node -1 (localhost/127.0.0.1:9092) could not be established. Node may not be available.
2026-07-21T00:32:45.857+05:30  WARN 25528 --- [user-service] [kafka-producer-network-thread | user-service-producer-1] org.apache.kafka.clients.NetworkClient   : [Producer clientId=user-service-producer-1] Bootstrap broker localhost:9092 (id: -1 rack: null) disconnected
2026-07-21T00:32:46.792+05:30  INFO 25528 --- [user-service] [kafka-producer-network-thread | user-service-producer-1] org.apache.kafka.clients.NetworkClient   : [Producer clientId=user-service-producer-1] Node -1 disconnected.
2026-07-21T00:32:46.792+05:30  WARN 25528 --- [user-service] [kafka-producer-network-thread | user-service-producer-1] org.apache.kafka.clients.NetworkClient   : [Producer clientId=user-service-producer-1] Connection to node -1 (localhost/127.0.0.1:9092) could not be established. Node may not be available.
2026-07-21T00:32:46.792+05:30  WARN 25528 --- [user-service] [kafka-producer-network-thread | user-service-producer-1] org.apache.kafka.clients.NetworkClient   : [Producer clientId=user-service-producer-1] Bootstrap broker localhost:9092 (id: -1 rack: null) disconnected
2026-07-21T00:32:47.649+05:30  INFO 25528 --- [user-service] [kafka-producer-network-thread | user-service-producer-1] org.apache.kafka.clients.NetworkClient   : [Producer clientId=user-service-producer-1] Node -1 disconnected.
2026-07-21T00:32:47.650+05:30  WARN 25528 --- [user-service] [kafka-producer-network-thread | user-service-producer-1] org.apache.kafka.clients.NetworkClient   : [Producer clientId=user-service-producer-1] Connection to node -1 (localhost/127.0.0.1:9092) could not be established. Node may not be available.
2026-07-21T00:32:47.650+05:30  WARN 25528 --- [user-service] [kafka-producer-network-thread | user-service-producer-1] org.apache.kafka.clients.NetworkClient   : [Producer clientId=user-service-producer-1] Bootstrap broker localhost:9092 (id: -1 rack: null) disconnected
2026-07-21T00:32:48.689+05:30  INFO 25528 --- [user-service] [kafka-producer-network-thread | user-service-producer-1] org.apache.kafka.clients.NetworkClient   : [Producer clientId=user-service-producer-1] Node -1 disconnected.
2026-07-21T00:32:48.690+05:30  WARN 25528 --- [user-service] [kafka-producer-network-thread | user-service-producer-1] org.apache.kafka.clients.NetworkClient   : [Producer clientId=user-service-producer-1] Connection to node -1 (localhost/127.0.0.1:9092) could not be established. Node may not be available.
2026-07-21T00:32:48.690+05:30  WARN 25528 --- [user-service] [kafka-producer-network-thread | user-service-producer-1] org.apache.kafka.clients.NetworkClient   : [Producer clientId=user-service-producer-1] Bootstrap broker localhost:9092 (id: -1 rack: null) disconnected
2026-07-21T00:32:49.697+05:30  INFO 25528 --- [user-service] [kafka-producer-network-thread | user-service-producer-1] org.apache.kafka.clients.NetworkClient   : [Producer clientId=user-service-producer-1] Node -1 disconnected.
2026-07-21T00:32:49.697+05:30  WARN 25528 --- [user-service] [kafka-producer-network-thread | user-service-producer-1] org.apache.kafka.clients.NetworkClient   : [Producer clientId=user-service-producer-1] Connection to node -1 (localhost/127.0.0.1:9092) could not be established. Node may not be available.
2026-07-21T00:32:49.697+05:30  WARN 25528 --- [user-service] [kafka-producer-network-thread | user-service-producer-1] org.apache.kafka.clients.NetworkClient   : [Producer clientId=user-service-producer-1] Bootstrap broker localhost:9092 (id: -1 rack: null) disconnected
2026-07-21T00:32:50.721+05:30  INFO 25528 --- [user-service] [kafka-producer-network-thread | user-service-producer-1] org.apache.kafka.clients.NetworkClient   : [Producer clientId=user-service-producer-1] Node -1 disconnected.
2026-07-21T00:32:50.721+05:30  WARN 25528 --- [user-service] [kafka-producer-network-thread | user-service-producer-1] org.apache.kafka.clients.NetworkClient   : [Producer clientId=user-service-producer-1] Connection to node -1 (localhost/127.0.0.1:9092) could not be established. Node may not be available.
2026-07-21T00:32:50.721+05:30  WARN 25528 --- [user-service] [kafka-producer-network-thread | user-service-producer-1] org.apache.kafka.clients.NetworkClient   : [Producer clientId=user-service-producer-1] Bootstrap broker localhost:9092 (id: -1 rack: null) disconnected
2026-07-21T00:32:51.732+05:30  INFO 25528 --- [user-service] [kafka-producer-network-thread | user-service-producer-1] org.apache.kafka.clients.NetworkClient   : [Producer clientId=user-service-producer-1] Node -1 disconnected.
2026-07-21T00:32:51.732+05:30  WARN 25528 --- [user-service] [kafka-producer-network-thread | user-service-producer-1] org.apache.kafka.clients.NetworkClient   : [Producer clientId=user-service-producer-1] Connection to node -1 (localhost/127.0.0.1:9092) could not be established. Node may not be available.
2026-07-21T00:32:51.732+05:30  WARN 25528 --- [user-service] [kafka-producer-network-thread | user-service-producer-1] org.apache.kafka.clients.NetworkClient   : [Producer clientId=user-service-producer-1] Bootstrap broker localhost:9092 (id: -1 rack: null) disconnected
2026-07-21T00:32:52.720+05:30  INFO 25528 --- [user-service] [kafka-producer-network-thread | user-service-producer-1] org.apache.kafka.clients.NetworkClient   : [Producer clientId=user-service-producer-1] Node -1 disconnected.
2026-07-21T00:32:52.721+05:30  WARN 25528 --- [user-service] [kafka-producer-network-thread | user-service-producer-1] org.apache.kafka.clients.NetworkClient   : [Producer clientId=user-service-producer-1] Connection to node -1 (localhost/127.0.0.1:9092) could not be established. Node may not be available.
2026-07-21T00:32:52.721+05:30  WARN 25528 --- [user-service] [kafka-producer-network-thread | user-service-producer-1] org.apache.kafka.clients.NetworkClient   : [Producer clientId=user-service-producer-1] Bootstrap broker localhost:9092 (id: -1 rack: null) disconnected
2026-07-21T00:32:53.731+05:30  INFO 25528 --- [user-service] [kafka-producer-network-thread | user-service-producer-1] org.apache.kafka.clients.NetworkClient   : [Producer clientId=user-service-producer-1] Node -1 disconnected.
2026-07-21T00:32:53.733+05:30  WARN 25528 --- [user-service] [kafka-producer-network-thread | user-service-producer-1] org.apache.kafka.clients.NetworkClient   : [Producer clientId=user-service-producer-1] Connection to node -1 (localhost/127.0.0.1:9092) could not be established. Node may not be available.
2026-07-21T00:32:53.733+05:30  WARN 25528 --- [user-service] [kafka-producer-network-thread | user-service-producer-1] org.apache.kafka.clients.NetworkClient   : [Producer clientId=user-service-producer-1] Bootstrap broker localhost:9092 (id: -1 rack: null) disconnected
2026-07-21T00:32:54.692+05:30  INFO 25528 --- [user-service] [kafka-producer-network-thread | user-service-producer-1] org.apache.kafka.clients.NetworkClient   : [Producer clientId=user-service-producer-1] Node -1 disconnected.
2026-07-21T00:32:54.693+05:30  WARN 25528 --- [user-service] [kafka-producer-network-thread | user-service-producer-1] org.apache.kafka.clients.NetworkClient   : [Producer clientId=user-service-producer-1] Connection to node -1 (localhost/127.0.0.1:9092) could not be established. Node may not be available.
2026-07-21T00:32:54.693+05:30  WARN 25528 --- [user-service] [kafka-producer-network-thread | user-service-producer-1] org.apache.kafka.clients.NetworkClient   : [Producer clientId=user-service-producer-1] Bootstrap broker localhost:9092 (id: -1 rack: null) disconnected
2026-07-21T00:32:55.699+05:30  INFO 25528 --- [user-service] [kafka-producer-network-thread | user-service-producer-1] org.apache.kafka.clients.NetworkClient   : [Producer clientId=user-service-producer-1] Node -1 disconnected.
2026-07-21T00:32:55.699+05:30  WARN 25528 --- [user-service] [kafka-producer-network-thread | user-service-producer-1] org.apache.kafka.clients.NetworkClient   : [Producer clientId=user-service-producer-1] Connection to node -1 (localhost/127.0.0.1:9092) could not be established. Node may not be available.
2026-07-21T00:32:55.699+05:30  WARN 25528 --- [user-service] [kafka-producer-network-thread | user-service-producer-1] org.apache.kafka.clients.NetworkClient   : [Producer clientId=user-service-producer-1] Bootstrap broker localhost:9092 (id: -1 rack: null) disconnected
2026-07-21T00:32:56.683+05:30  INFO 25528 --- [user-service] [kafka-producer-network-thread | user-service-producer-1] org.apache.kafka.clients.NetworkClient   : [Producer clientId=user-service-producer-1] Node -1 disconnected.
2026-07-21T00:32:56.684+05:30  WARN 25528 --- [user-service] [kafka-producer-network-thread | user-service-producer-1] org.apache.kafka.clients.NetworkClient   : [Producer clientId=user-service-producer-1] Connection to node -1 (localhost/127.0.0.1:9092) could not be established. Node may not be available.
2026-07-21T00:32:56.684+05:30  WARN 25528 --- [user-service] [kafka-producer-network-thread | user-service-producer-1] org.apache.kafka.clients.NetworkClient   : [Producer clientId=user-service-producer-1] Bootstrap broker localhost:9092 (id: -1 rack: null) disconnected
2026-07-21T00:32:57.601+05:30  INFO 25528 --- [user-service] [kafka-producer-network-thread | user-service-producer-1] org.apache.kafka.clients.NetworkClient   : [Producer clientId=user-service-producer-1] Node -1 disconnected.
2026-07-21T00:32:57.601+05:30  WARN 25528 --- [user-service] [kafka-producer-network-thread | user-service-producer-1] org.apache.kafka.clients.NetworkClient   : [Producer clientId=user-service-producer-1] Connection to node -1 (localhost/127.0.0.1:9092) could not be established. Node may not be available.
2026-07-21T00:32:57.601+05:30  WARN 25528 --- [user-service] [kafka-producer-network-thread | user-service-producer-1] org.apache.kafka.clients.NetworkClient   : [Producer clientId=user-service-producer-1] Bootstrap broker localhost:9092 (id: -1 rack: null) disconnected
2026-07-21T00:32:58.645+05:30  INFO 25528 --- [user-service] [kafka-producer-network-thread | user-service-producer-1] org.apache.kafka.clients.NetworkClient   : [Producer clientId=user-service-producer-1] Node -1 disconnected.
2026-07-21T00:32:58.645+05:30  WARN 25528 --- [user-service] [kafka-producer-network-thread | user-service-producer-1] org.apache.kafka.clients.NetworkClient   : [Producer clientId=user-service-producer-1] Connection to node -1 (localhost/127.0.0.1:9092) could not be established. Node may not be available.
2026-07-21T00:32:58.645+05:30  WARN 25528 --- [user-service] [kafka-producer-network-thread | user-service-producer-1] org.apache.kafka.clients.NetworkClient   : [Producer clientId=user-service-producer-1] Bootstrap broker localhost:9092 (id: -1 rack: null) disconnected
2026-07-21T00:32:59.696+05:30  INFO 25528 --- [user-service] [kafka-producer-network-thread | user-service-producer-1] org.apache.kafka.clients.NetworkClient   : [Producer clientId=user-service-producer-1] Node -1 disconnected.
2026-07-21T00:32:59.696+05:30  WARN 25528 --- [user-service] [kafka-producer-network-thread | user-service-producer-1] org.apache.kafka.clients.NetworkClient   : [Producer clientId=user-service-producer-1] Connection to node -1 (localhost/127.0.0.1:9092) could not be established. Node may not be available.
2026-07-21T00:32:59.696+05:30  WARN 25528 --- [user-service] [kafka-producer-network-thread | user-service-producer-1] org.apache.kafka.clients.NetworkClient   : [Producer clientId=user-service-producer-1] Bootstrap broker localhost:9092 (id: -1 rack: null) disconnected
2026-07-21T00:33:00.679+05:30  INFO 25528 --- [user-service] [kafka-producer-network-thread | user-service-producer-1] org.apache.kafka.clients.NetworkClient   : [Producer clientId=user-service-producer-1] Node -1 disconnected.
2026-07-21T00:33:00.679+05:30  WARN 25528 --- [user-service] [kafka-producer-network-thread | user-service-producer-1] org.apache.kafka.clients.NetworkClient   : [Producer clientId=user-service-producer-1] Connection to node -1 (localhost/127.0.0.1:9092) could not be established. Node may not be available.
2026-07-21T00:33:00.679+05:30  WARN 25528 --- [user-service] [kafka-producer-network-thread | user-service-producer-1] org.apache.kafka.clients.NetworkClient   : [Producer clientId=user-service-producer-1] Bootstrap broker localhost:9092 (id: -1 rack: null) disconnected
2026-07-21T00:33:01.600+05:30  INFO 25528 --- [user-service] [kafka-producer-network-thread | user-service-producer-1] org.apache.kafka.clients.NetworkClient   : [Producer clientId=user-service-producer-1] Node -1 disconnected.
2026-07-21T00:33:01.601+05:30  WARN 25528 --- [user-service] [kafka-producer-network-thread | user-service-producer-1] org.apache.kafka.clients.NetworkClient   : [Producer clientId=user-service-producer-1] Connection to node -1 (localhost/127.0.0.1:9092) could not be established. Node may not be available.
2026-07-21T00:33:01.601+05:30  WARN 25528 --- [user-service] [kafka-producer-network-thread | user-service-producer-1] org.apache.kafka.clients.NetworkClient   : [Producer clientId=user-service-producer-1] Bootstrap broker localhost:9092 (id: -1 rack: null) disconnected
2026-07-21T00:33:02.458+05:30  INFO 25528 --- [user-service] [kafka-producer-network-thread | user-service-producer-1] org.apache.kafka.clients.NetworkClient   : [Producer clientId=user-service-producer-1] Node -1 disconnected.
2026-07-21T00:33:02.459+05:30  WARN 25528 --- [user-service] [kafka-producer-network-thread | user-service-producer-1] org.apache.kafka.clients.NetworkClient   : [Producer clientId=user-service-producer-1] Connection to node -1 (localhost/127.0.0.1:9092) could not be established. Node may not be available.
2026-07-21T00:33:02.459+05:30  WARN 25528 --- [user-service] [kafka-producer-network-thread | user-service-producer-1] org.apache.kafka.clients.NetworkClient   : [Producer clientId=user-service-producer-1] Bootstrap broker localhost:9092 (id: -1 rack: null) disconnected
2026-07-21T00:33:03.488+05:30  INFO 25528 --- [user-service] [kafka-producer-network-thread | user-service-producer-1] org.apache.kafka.clients.NetworkClient   : [Producer clientId=user-service-producer-1] Node -1 disconnected.
2026-07-21T00:33:03.488+05:30  WARN 25528 --- [user-service] [kafka-producer-network-thread | user-service-producer-1] org.apache.kafka.clients.NetworkClient   : [Producer clientId=user-service-producer-1] Connection to node -1 (localhost/127.0.0.1:9092) could not be established. Node may not be available.
2026-07-21T00:33:03.488+05:30  WARN 25528 --- [user-service] [kafka-producer-network-thread | user-service-producer-1] org.apache.kafka.clients.NetworkClient   : [Producer clientId=user-service-producer-1] Bootstrap broker localhost:9092 (id: -1 rack: null) disconnected
2026-07-21T00:33:04.502+05:30  INFO 25528 --- [user-service] [kafka-producer-network-thread | user-service-producer-1] org.apache.kafka.clients.NetworkClient   : [Producer clientId=user-service-producer-1] Node -1 disconnected.
2026-07-21T00:33:04.502+05:30  WARN 25528 --- [user-service] [kafka-producer-network-thread | user-service-producer-1] org.apache.kafka.clients.NetworkClient   : [Producer clientId=user-service-producer-1] Connection to node -1 (localhost/127.0.0.1:9092) could not be established. Node may not be available.
2026-07-21T00:33:04.502+05:30  WARN 25528 --- [user-service] [kafka-producer-network-thread | user-service-producer-1] org.apache.kafka.clients.NetworkClient   : [Producer clientId=user-service-producer-1] Bootstrap broker localhost:9092 (id: -1 rack: null) disconnected
2026-07-21T00:33:05.460+05:30  INFO 25528 --- [user-service] [kafka-producer-network-thread | user-service-producer-1] org.apache.kafka.clients.NetworkClient   : [Producer clientId=user-service-producer-1] Node -1 disconnected.
2026-07-21T00:33:05.460+05:30  WARN 25528 --- [user-service] [kafka-producer-network-thread | user-service-producer-1] org.apache.kafka.clients.NetworkClient   : [Producer clientId=user-service-producer-1] Connection to node -1 (localhost/127.0.0.1:9092) could not be established. Node may not be available.
2026-07-21T00:33:05.460+05:30  WARN 25528 --- [user-service] [kafka-producer-network-thread | user-service-producer-1] org.apache.kafka.clients.NetworkClient   : [Producer clientId=user-service-producer-1] Bootstrap broker localhost:9092 (id: -1 rack: null) disconnected
2026-07-21T00:33:06.365+05:30  INFO 25528 --- [user-service] [kafka-producer-network-thread | user-service-producer-1] org.apache.kafka.clients.NetworkClient   : [Producer clientId=user-service-producer-1] Node -1 disconnected.
2026-07-21T00:33:06.365+05:30  WARN 25528 --- [user-service] [kafka-producer-network-thread | user-service-producer-1] org.apache.kafka.clients.NetworkClient   : [Producer clientId=user-service-producer-1] Connection to node -1 (localhost/127.0.0.1:9092) could not be established. Node may not be available.
2026-07-21T00:33:06.365+05:30  WARN 25528 --- [user-service] [kafka-producer-network-thread | user-service-producer-1] org.apache.kafka.clients.NetworkClient   : [Producer clientId=user-service-producer-1] Bootstrap broker localhost:9092 (id: -1 rack: null) disconnected
2026-07-21T00:33:07.401+05:30  INFO 25528 --- [user-service] [kafka-producer-network-thread | user-service-producer-1] org.apache.kafka.clients.NetworkClient   : [Producer clientId=user-service-producer-1] Node -1 disconnected.
2026-07-21T00:33:07.402+05:30  WARN 25528 --- [user-service] [kafka-producer-network-thread | user-service-producer-1] org.apache.kafka.clients.NetworkClient   : [Producer clientId=user-service-producer-1] Connection to node -1 (localhost/127.0.0.1:9092) could not be established. Node may not be available.
2026-07-21T00:33:07.402+05:30  WARN 25528 --- [user-service] [kafka-producer-network-thread | user-service-producer-1] org.apache.kafka.clients.NetworkClient   : [Producer clientId=user-service-producer-1] Bootstrap broker localhost:9092 (id: -1 rack: null) disconnected
2026-07-21T00:33:08.335+05:30  INFO 25528 --- [user-service] [kafka-producer-network-thread | user-service-producer-1] org.apache.kafka.clients.NetworkClient   : [Producer clientId=user-service-producer-1] Node -1 disconnected.
2026-07-21T00:33:08.335+05:30  WARN 25528 --- [user-service] [kafka-producer-network-thread | user-service-producer-1] org.apache.kafka.clients.NetworkClient   : [Producer clientId=user-service-producer-1] Connection to node -1 (localhost/127.0.0.1:9092) could not be established. Node may not be available.
2026-07-21T00:33:08.335+05:30  WARN 25528 --- [user-service] [kafka-producer-network-thread | user-service-producer-1] org.apache.kafka.clients.NetworkClient   : [Producer clientId=user-service-producer-1] Bootstrap broker localhost:9092 (id: -1 rack: null) disconnected
2026-07-21T00:33:09.399+05:30  INFO 25528 --- [user-service] [kafka-producer-network-thread | user-service-producer-1] org.apache.kafka.clients.NetworkClient   : [Producer clientId=user-service-producer-1] Node -1 disconnected.
2026-07-21T00:33:09.399+05:30  WARN 25528 --- [user-service] [kafka-producer-network-thread | user-service-producer-1] org.apache.kafka.clients.NetworkClient   : [Producer clientId=user-service-producer-1] Connection to node -1 (localhost/127.0.0.1:9092) could not be established. Node may not be available.
2026-07-21T00:33:09.399+05:30  WARN 25528 --- [user-service] [kafka-producer-network-thread | user-service-producer-1] org.apache.kafka.clients.NetworkClient   : [Producer clientId=user-service-producer-1] Bootstrap broker localhost:9092 (id: -1 rack: null) disconnected
2026-07-21T00:33:10.401+05:30  INFO 25528 --- [user-service] [kafka-producer-network-thread | user-service-producer-1] org.apache.kafka.clients.NetworkClient   : [Producer clientId=user-service-producer-1] Node -1 disconnected.
2026-07-21T00:33:10.401+05:30  WARN 25528 --- [user-service] [kafka-producer-network-thread | user-service-producer-1] org.apache.kafka.clients.NetworkClient   : [Producer clientId=user-service-producer-1] Connection to node -1 (localhost/127.0.0.1:9092) could not be established. Node may not be available.
2026-07-21T00:33:10.401+05:30  WARN 25528 --- [user-service] [kafka-producer-network-thread | user-service-producer-1] org.apache.kafka.clients.NetworkClient   : [Producer clientId=user-service-producer-1] Bootstrap broker localhost:9092 (id: -1 rack: null) disconnected
2026-07-21T00:33:11.418+05:30  INFO 25528 --- [user-service] [kafka-producer-network-thread | user-service-producer-1] org.apache.kafka.clients.NetworkClient   : [Producer clientId=user-service-producer-1] Node -1 disconnected.
2026-07-21T00:33:11.418+05:30  WARN 25528 --- [user-service] [kafka-producer-network-thread | user-service-producer-1] org.apache.kafka.clients.NetworkClient   : [Producer clientId=user-service-producer-1] Connection to node -1 (localhost/127.0.0.1:9092) could not be established. Node may not be available.
2026-07-21T00:33:11.418+05:30  WARN 25528 --- [user-service] [kafka-producer-network-thread | user-service-producer-1] org.apache.kafka.clients.NetworkClient   : [Producer clientId=user-service-producer-1] Bootstrap broker localhost:9092 (id: -1 rack: null) disconnected
2026-07-21T00:33:12.435+05:30  INFO 25528 --- [user-service] [kafka-producer-network-thread | user-service-producer-1] org.apache.kafka.clients.NetworkClient   : [Producer clientId=user-service-producer-1] Node -1 disconnected.
2026-07-21T00:33:12.435+05:30  WARN 25528 --- [user-service] [kafka-producer-network-thread | user-service-producer-1] org.apache.kafka.clients.NetworkClient   : [Producer clientId=user-service-producer-1] Connection to node -1 (localhost/127.0.0.1:9092) could not be established. Node may not be available.
2026-07-21T00:33:12.435+05:30  WARN 25528 --- [user-service] [kafka-producer-network-thread | user-service-producer-1] org.apache.kafka.clients.NetworkClient   : [Producer clientId=user-service-producer-1] Bootstrap broker localhost:9092 (id: -1 rack: null) disconnected
2026-07-21T00:33:13.450+05:30  INFO 25528 --- [user-service] [kafka-producer-network-thread | user-service-producer-1] org.apache.kafka.clients.NetworkClient   : [Producer clientId=user-service-producer-1] Node -1 disconnected.
2026-07-21T00:33:13.450+05:30  WARN 25528 --- [user-service] [kafka-producer-network-thread | user-service-producer-1] org.apache.kafka.clients.NetworkClient   : [Producer clientId=user-service-producer-1] Connection to node -1 (localhost/127.0.0.1:9092) could not be established. Node may not be available.
2026-07-21T00:33:13.450+05:30  WARN 25528 --- [user-service] [kafka-producer-network-thread | user-service-producer-1] org.apache.kafka.clients.NetworkClient   : [Producer clientId=user-service-producer-1] Bootstrap broker localhost:9092 (id: -1 rack: null) disconnected
2026-07-21T00:33:14.434+05:30  INFO 25528 --- [user-service] [kafka-producer-network-thread | user-service-producer-1] org.apache.kafka.clients.NetworkClient   : [Producer clientId=user-service-producer-1] Node -1 disconnected.
2026-07-21T00:33:14.434+05:30  WARN 25528 --- [user-service] [kafka-producer-network-thread | user-service-producer-1] org.apache.kafka.clients.NetworkClient   : [Producer clientId=user-service-producer-1] Connection to node -1 (localhost/127.0.0.1:9092) could not be established. Node may not be available.
2026-07-21T00:33:14.434+05:30  WARN 25528 --- [user-service] [kafka-producer-network-thread | user-service-producer-1] org.apache.kafka.clients.NetworkClient   : [Producer clientId=user-service-producer-1] Bootstrap broker localhost:9092 (id: -1 rack: null) disconnected
2026-07-21T00:33:15.346+05:30  INFO 25528 --- [user-service] [kafka-producer-network-thread | user-service-producer-1] org.apache.kafka.clients.NetworkClient   : [Producer clientId=user-service-producer-1] Node -1 disconnected.
2026-07-21T00:33:15.346+05:30  WARN 25528 --- [user-service] [kafka-producer-network-thread | user-service-producer-1] org.apache.kafka.clients.NetworkClient   : [Producer clientId=user-service-producer-1] Connection to node -1 (localhost/127.0.0.1:9092) could not be established. Node may not be available.
2026-07-21T00:33:15.346+05:30  WARN 25528 --- [user-service] [kafka-producer-network-thread | user-service-producer-1] org.apache.kafka.clients.NetworkClient   : [Producer clientId=user-service-producer-1] Bootstrap broker localhost:9092 (id: -1 rack: null) disconnected
2026-07-21T00:33:16.348+05:30  INFO 25528 --- [user-service] [kafka-producer-network-thread | user-service-producer-1] org.apache.kafka.clients.NetworkClient   : [Producer clientId=user-service-producer-1] Node -1 disconnected.
2026-07-21T00:33:16.348+05:30  WARN 25528 --- [user-service] [kafka-producer-network-thread | user-service-producer-1] org.apache.kafka.clients.NetworkClient   : [Producer clientId=user-service-producer-1] Connection to node -1 (localhost/127.0.0.1:9092) could not be established. Node may not be available.
2026-07-21T00:33:16.348+05:30  WARN 25528 --- [user-service] [kafka-producer-network-thread | user-service-producer-1] org.apache.kafka.clients.NetworkClient   : [Producer clientId=user-service-producer-1] Bootstrap broker localhost:9092 (id: -1 rack: null) disconnected
2026-07-21T00:33:17.361+05:30  INFO 25528 --- [user-service] [kafka-producer-network-thread | user-service-producer-1] org.apache.kafka.clients.NetworkClient   : [Producer clientId=user-service-producer-1] Node -1 disconnected.
2026-07-21T00:33:17.361+05:30  WARN 25528 --- [user-service] [kafka-producer-network-thread | user-service-producer-1] org.apache.kafka.clients.NetworkClient   : [Producer clientId=user-service-producer-1] Connection to node -1 (localhost/127.0.0.1:9092) could not be established. Node may not be available.
2026-07-21T00:33:17.361+05:30  WARN 25528 --- [user-service] [kafka-producer-network-thread | user-service-producer-1] org.apache.kafka.clients.NetworkClient   : [Producer clientId=user-service-producer-1] Bootstrap broker localhost:9092 (id: -1 rack: null) disconnected
2026-07-21T00:33:18.361+05:30  INFO 25528 --- [user-service] [kafka-producer-network-thread | user-service-producer-1] org.apache.kafka.clients.NetworkClient   : [Producer clientId=user-service-producer-1] Node -1 disconnected.
2026-07-21T00:33:18.361+05:30  WARN 25528 --- [user-service] [kafka-producer-network-thread | user-service-producer-1] org.apache.kafka.clients.NetworkClient   : [Producer clientId=user-service-producer-1] Connection to node -1 (localhost/127.0.0.1:9092) could not be established. Node may not be available.
2026-07-21T00:33:18.361+05:30  WARN 25528 --- [user-service] [kafka-producer-network-thread | user-service-producer-1] org.apache.kafka.clients.NetworkClient   : [Producer clientId=user-service-producer-1] Bootstrap broker localhost:9092 (id: -1 rack: null) disconnected
2026-07-21T00:33:19.345+05:30  INFO 25528 --- [user-service] [kafka-producer-network-thread | user-service-producer-1] org.apache.kafka.clients.NetworkClient   : [Producer clientId=user-service-producer-1] Node -1 disconnected.
2026-07-21T00:33:19.347+05:30  WARN 25528 --- [user-service] [kafka-producer-network-thread | user-service-producer-1] org.apache.kafka.clients.NetworkClient   : [Producer clientId=user-service-producer-1] Connection to node -1 (localhost/127.0.0.1:9092) could not be established. Node may not be available.
2026-07-21T00:33:19.347+05:30  WARN 25528 --- [user-service] [kafka-producer-network-thread | user-service-producer-1] org.apache.kafka.clients.NetworkClient   : [Producer clientId=user-service-producer-1] Bootstrap broker localhost:9092 (id: -1 rack: null) disconnected
2026-07-21T00:33:20.250+05:30  INFO 25528 --- [user-service] [kafka-producer-network-thread | user-service-producer-1] org.apache.kafka.clients.NetworkClient   : [Producer clientId=user-service-producer-1] Node -1 disconnected.
2026-07-21T00:33:20.250+05:30  WARN 25528 --- [user-service] [kafka-producer-network-thread | user-service-producer-1] org.apache.kafka.clients.NetworkClient   : [Producer clientId=user-service-producer-1] Connection to node -1 (localhost/127.0.0.1:9092) could not be established. Node may not be available.
2026-07-21T00:33:20.250+05:30  WARN 25528 --- [user-service] [kafka-producer-network-thread | user-service-producer-1] org.apache.kafka.clients.NetworkClient   : [Producer clientId=user-service-producer-1] Bootstrap broker localhost:9092 (id: -1 rack: null) disconnected
2026-07-21T00:33:21.281+05:30  INFO 25528 --- [user-service] [kafka-producer-network-thread | user-service-producer-1] org.apache.kafka.clients.NetworkClient   : [Producer clientId=user-service-producer-1] Node -1 disconnected.
2026-07-21T00:33:21.281+05:30  WARN 25528 --- [user-service] [kafka-producer-network-thread | user-service-producer-1] org.apache.kafka.clients.NetworkClient   : [Producer clientId=user-service-producer-1] Connection to node -1 (localhost/127.0.0.1:9092) could not be established. Node may not be available.
2026-07-21T00:33:21.281+05:30  WARN 25528 --- [user-service] [kafka-producer-network-thread | user-service-producer-1] org.apache.kafka.clients.NetworkClient   : [Producer clientId=user-service-producer-1] Bootstrap broker localhost:9092 (id: -1 rack: null) disconnected
2026-07-21T00:33:22.279+05:30  INFO 25528 --- [user-service] [kafka-producer-network-thread | user-service-producer-1] org.apache.kafka.clients.NetworkClient   : [Producer clientId=user-service-producer-1] Node -1 disconnected.
2026-07-21T00:33:22.279+05:30  WARN 25528 --- [user-service] [kafka-producer-network-thread | user-service-producer-1] org.apache.kafka.clients.NetworkClient   : [Producer clientId=user-service-producer-1] Connection to node -1 (localhost/127.0.0.1:9092) could not be established. Node may not be available.
2026-07-21T00:33:22.279+05:30  WARN 25528 --- [user-service] [kafka-producer-network-thread | user-service-producer-1] org.apache.kafka.clients.NetworkClient   : [Producer clientId=user-service-producer-1] Bootstrap broker localhost:9092 (id: -1 rack: null) disconnected
2026-07-21T00:33:23.168+05:30  INFO 25528 --- [user-service] [kafka-producer-network-thread | user-service-producer-1] org.apache.kafka.clients.NetworkClient   : [Producer clientId=user-service-producer-1] Node -1 disconnected.
2026-07-21T00:33:23.168+05:30  WARN 25528 --- [user-service] [kafka-producer-network-thread | user-service-producer-1] org.apache.kafka.clients.NetworkClient   : [Producer clientId=user-service-producer-1] Connection to node -1 (localhost/127.0.0.1:9092) could not be established. Node may not be available.
2026-07-21T00:33:23.168+05:30  WARN 25528 --- [user-service] [kafka-producer-network-thread | user-service-producer-1] org.apache.kafka.clients.NetworkClient   : [Producer clientId=user-service-producer-1] Bootstrap broker localhost:9092 (id: -1 rack: null) disconnected
2026-07-21T00:33:24.114+05:30  INFO 25528 --- [user-service] [kafka-producer-network-thread | user-service-producer-1] org.apache.kafka.clients.NetworkClient   : [Producer clientId=user-service-producer-1] Node -1 disconnected.
2026-07-21T00:33:24.115+05:30  WARN 25528 --- [user-service] [kafka-producer-network-thread | user-service-producer-1] org.apache.kafka.clients.NetworkClient   : [Producer clientId=user-service-producer-1] Connection to node -1 (localhost/127.0.0.1:9092) could not be established. Node may not be available.
2026-07-21T00:33:24.115+05:30  WARN 25528 --- [user-service] [kafka-producer-network-thread | user-service-producer-1] org.apache.kafka.clients.NetworkClient   : [Producer clientId=user-service-producer-1] Bootstrap broker localhost:9092 (id: -1 rack: null) disconnected
2026-07-21T00:33:25.116+05:30  INFO 25528 --- [user-service] [kafka-producer-network-thread | user-service-producer-1] org.apache.kafka.clients.NetworkClient   : [Producer clientId=user-service-producer-1] Node -1 disconnected.
2026-07-21T00:33:25.116+05:30  WARN 25528 --- [user-service] [kafka-producer-network-thread | user-service-producer-1] org.apache.kafka.clients.NetworkClient   : [Producer clientId=user-service-producer-1] Connection to node -1 (localhost/127.0.0.1:9092) could not be established. Node may not be available.
2026-07-21T00:33:25.117+05:30  WARN 25528 --- [user-service] [kafka-producer-network-thread | user-service-producer-1] org.apache.kafka.clients.NetworkClient   : [Producer clientId=user-service-producer-1] Bootstrap broker localhost:9092 (id: -1 rack: null) disconnected
2026-07-21T00:33:26.048+05:30  INFO 25528 --- [user-service] [kafka-producer-network-thread | user-service-producer-1] org.apache.kafka.clients.NetworkClient   : [Producer clientId=user-service-producer-1] Node -1 disconnected.
2026-07-21T00:33:26.048+05:30  WARN 25528 --- [user-service] [kafka-producer-network-thread | user-service-producer-1] org.apache.kafka.clients.NetworkClient   : [Producer clientId=user-service-producer-1] Connection to node -1 (localhost/127.0.0.1:9092) could not be established. Node may not be available.
2026-07-21T00:33:26.049+05:30  WARN 25528 --- [user-service] [kafka-producer-network-thread | user-service-producer-1] org.apache.kafka.clients.NetworkClient   : [Producer clientId=user-service-producer-1] Bootstrap broker localhost:9092 (id: -1 rack: null) disconnected
2026-07-21T00:33:26.896+05:30  INFO 25528 --- [user-service] [kafka-producer-network-thread | user-service-producer-1] org.apache.kafka.clients.NetworkClient   : [Producer clientId=user-service-producer-1] Node -1 disconnected.
2026-07-21T00:33:26.897+05:30  WARN 25528 --- [user-service] [kafka-producer-network-thread | user-service-producer-1] org.apache.kafka.clients.NetworkClient   : [Producer clientId=user-service-producer-1] Connection to node -1 (localhost/127.0.0.1:9092) could not be established. Node may not be available.
2026-07-21T00:33:26.897+05:30  WARN 25528 --- [user-service] [kafka-producer-network-thread | user-service-producer-1] org.apache.kafka.clients.NetworkClient   : [Producer clientId=user-service-producer-1] Bootstrap broker localhost:9092 (id: -1 rack: null) disconnected
2026-07-21T00:33:27.925+05:30  INFO 25528 --- [user-service] [kafka-producer-network-thread | user-service-producer-1] org.apache.kafka.clients.NetworkClient   : [Producer clientId=user-service-producer-1] Node -1 disconnected.
2026-07-21T00:33:27.926+05:30  WARN 25528 --- [user-service] [kafka-producer-network-thread | user-service-producer-1] org.apache.kafka.clients.NetworkClient   : [Producer clientId=user-service-producer-1] Connection to node -1 (localhost/127.0.0.1:9092) could not be established. Node may not be available.
2026-07-21T00:33:27.926+05:30  WARN 25528 --- [user-service] [kafka-producer-network-thread | user-service-producer-1] org.apache.kafka.clients.NetworkClient   : [Producer clientId=user-service-producer-1] Bootstrap broker localhost:9092 (id: -1 rack: null) disconnected
2026-07-21T00:33:28.929+05:30  INFO 25528 --- [user-service] [kafka-producer-network-thread | user-service-producer-1] org.apache.kafka.clients.NetworkClient   : [Producer clientId=user-service-producer-1] Node -1 disconnected.
2026-07-21T00:33:28.929+05:30  WARN 25528 --- [user-service] [kafka-producer-network-thread | user-service-producer-1] org.apache.kafka.clients.NetworkClient   : [Producer clientId=user-service-producer-1] Connection to node -1 (localhost/127.0.0.1:9092) could not be established. Node may not be available.
2026-07-21T00:33:28.929+05:30  WARN 25528 --- [user-service] [kafka-producer-network-thread | user-service-producer-1] org.apache.kafka.clients.NetworkClient   : [Producer clientId=user-service-producer-1] Bootstrap broker localhost:9092 (id: -1 rack: null) disconnected
2026-07-21T00:33:29.754+05:30  INFO 25528 --- [user-service] [kafka-producer-network-thread | user-service-producer-1] org.apache.kafka.clients.NetworkClient   : [Producer clientId=user-service-producer-1] Node -1 disconnected.
2026-07-21T00:33:29.754+05:30  WARN 25528 --- [user-service] [kafka-producer-network-thread | user-service-producer-1] org.apache.kafka.clients.NetworkClient   : [Producer clientId=user-service-producer-1] Connection to node -1 (localhost/127.0.0.1:9092) could not be established. Node may not be available.
2026-07-21T00:33:29.754+05:30  WARN 25528 --- [user-service] [kafka-producer-network-thread | user-service-producer-1] org.apache.kafka.clients.NetworkClient   : [Producer clientId=user-service-producer-1] Bootstrap broker localhost:9092 (id: -1 rack: null) disconnected
2026-07-21T00:33:30.565+05:30  INFO 25528 --- [user-service] [kafka-producer-network-thread | user-service-producer-1] org.apache.kafka.clients.NetworkClient   : [Producer clientId=user-service-producer-1] Node -1 disconnected.
2026-07-21T00:33:30.566+05:30  WARN 25528 --- [user-service] [kafka-producer-network-thread | user-service-producer-1] org.apache.kafka.clients.NetworkClient   : [Producer clientId=user-service-producer-1] Connection to node -1 (localhost/127.0.0.1:9092) could not be established. Node may not be available.
2026-07-21T00:33:30.566+05:30  WARN 25528 --- [user-service] [kafka-producer-network-thread | user-service-producer-1] org.apache.kafka.clients.NetworkClient   : [Producer clientId=user-service-producer-1] Bootstrap broker localhost:9092 (id: -1 rack: null) disconnected
2026-07-21T00:33:31.583+05:30  INFO 25528 --- [user-service] [kafka-producer-network-thread | user-service-producer-1] org.apache.kafka.clients.NetworkClient   : [Producer clientId=user-service-producer-1] Node -1 disconnected.
2026-07-21T00:33:31.583+05:30  WARN 25528 --- [user-service] [kafka-producer-network-thread | user-service-producer-1] org.apache.kafka.clients.NetworkClient   : [Producer clientId=user-service-producer-1] Connection to node -1 (localhost/127.0.0.1:9092) could not be established. Node may not be available.
2026-07-21T00:33:31.583+05:30  WARN 25528 --- [user-service] [kafka-producer-network-thread | user-service-producer-1] org.apache.kafka.clients.NetworkClient   : [Producer clientId=user-service-producer-1] Bootstrap broker localhost:9092 (id: -1 rack: null) disconnected
2026-07-21T00:33:32.615+05:30  INFO 25528 --- [user-service] [kafka-producer-network-thread | user-service-producer-1] org.apache.kafka.clients.NetworkClient   : [Producer clientId=user-service-producer-1] Node -1 disconnected.
2026-07-21T00:33:32.615+05:30  WARN 25528 --- [user-service] [kafka-producer-network-thread | user-service-producer-1] org.apache.kafka.clients.NetworkClient   : [Producer clientId=user-service-producer-1] Connection to node -1 (localhost/127.0.0.1:9092) could not be established. Node may not be available.
2026-07-21T00:33:32.615+05:30  WARN 25528 --- [user-service] [kafka-producer-network-thread | user-service-producer-1] org.apache.kafka.clients.NetworkClient   : [Producer clientId=user-service-producer-1] Bootstrap broker localhost:9092 (id: -1 rack: null) disconnected
2026-07-21T00:33:33.632+05:30  INFO 25528 --- [user-service] [kafka-producer-network-thread | user-service-producer-1] org.apache.kafka.clients.NetworkClient   : [Producer clientId=user-service-producer-1] Node -1 disconnected.
2026-07-21T00:33:33.633+05:30  WARN 25528 --- [user-service] [kafka-producer-network-thread | user-service-producer-1] org.apache.kafka.clients.NetworkClient   : [Producer clientId=user-service-producer-1] Connection to node -1 (localhost/127.0.0.1:9092) could not be established. Node may not be available.
2026-07-21T00:33:33.633+05:30  WARN 25528 --- [user-service] [kafka-producer-network-thread | user-service-producer-1] org.apache.kafka.clients.NetworkClient   : [Producer clientId=user-service-producer-1] Bootstrap broker localhost:9092 (id: -1 rack: null) disconnected
2026-07-21T00:33:34.648+05:30  INFO 25528 --- [user-service] [kafka-producer-network-thread | user-service-producer-1] org.apache.kafka.clients.NetworkClient   : [Producer clientId=user-service-producer-1] Node -1 disconnected.
2026-07-21T00:33:34.648+05:30  WARN 25528 --- [user-service] [kafka-producer-network-thread | user-service-producer-1] org.apache.kafka.clients.NetworkClient   : [Producer clientId=user-service-producer-1] Connection to node -1 (localhost/127.0.0.1:9092) could not be established. Node may not be available.
2026-07-21T00:33:34.648+05:30  WARN 25528 --- [user-service] [kafka-producer-network-thread | user-service-producer-1] org.apache.kafka.clients.NetworkClient   : [Producer clientId=user-service-producer-1] Bootstrap broker localhost:9092 (id: -1 rack: null) disconnected
2026-07-21T00:33:35.498+05:30  INFO 25528 --- [user-service] [kafka-producer-network-thread | user-service-producer-1] org.apache.kafka.clients.NetworkClient   : [Producer clientId=user-service-producer-1] Node -1 disconnected.
2026-07-21T00:33:35.499+05:30  WARN 25528 --- [user-service] [kafka-producer-network-thread | user-service-producer-1] org.apache.kafka.clients.NetworkClient   : [Producer clientId=user-service-producer-1] Connection to node -1 (localhost/127.0.0.1:9092) could not be established. Node may not be available.
2026-07-21T00:33:35.499+05:30  WARN 25528 --- [user-service] [kafka-producer-network-thread | user-service-producer-1] org.apache.kafka.clients.NetworkClient   : [Producer clientId=user-service-producer-1] Bootstrap broker localhost:9092 (id: -1 rack: null) disconnected
2026-07-21T00:33:36.548+05:30  INFO 25528 --- [user-service] [kafka-producer-network-thread | user-service-producer-1] org.apache.kafka.clients.NetworkClient   : [Producer clientId=user-service-producer-1] Node -1 disconnected.
2026-07-21T00:33:36.548+05:30  WARN 25528 --- [user-service] [kafka-producer-network-thread | user-service-producer-1] org.apache.kafka.clients.NetworkClient   : [Producer clientId=user-service-producer-1] Connection to node -1 (localhost/127.0.0.1:9092) could not be established. Node may not be available.
2026-07-21T00:33:36.548+05:30  WARN 25528 --- [user-service] [kafka-producer-network-thread | user-service-producer-1] org.apache.kafka.clients.NetworkClient   : [Producer clientId=user-service-producer-1] Bootstrap broker localhost:9092 (id: -1 rack: null) disconnected
2026-07-21T00:33:37.549+05:30  INFO 25528 --- [user-service] [kafka-producer-network-thread | user-service-producer-1] org.apache.kafka.clients.NetworkClient   : [Producer clientId=user-service-producer-1] Node -1 disconnected.
2026-07-21T00:33:37.549+05:30  WARN 25528 --- [user-service] [kafka-producer-network-thread | user-service-producer-1] org.apache.kafka.clients.NetworkClient   : [Producer clientId=user-service-producer-1] Connection to node -1 (localhost/127.0.0.1:9092) could not be established. Node may not be available.
2026-07-21T00:33:37.549+05:30  WARN 25528 --- [user-service] [kafka-producer-network-thread | user-service-producer-1] org.apache.kafka.clients.NetworkClient   : [Producer clientId=user-service-producer-1] Bootstrap broker localhost:9092 (id: -1 rack: null) disconnected
2026-07-21T00:33:38.564+05:30  INFO 25528 --- [user-service] [kafka-producer-network-thread | user-service-producer-1] org.apache.kafka.clients.NetworkClient   : [Producer clientId=user-service-producer-1] Node -1 disconnected.
2026-07-21T00:33:38.564+05:30  WARN 25528 --- [user-service] [kafka-producer-network-thread | user-service-producer-1] org.apache.kafka.clients.NetworkClient   : [Producer clientId=user-service-producer-1] Connection to node -1 (localhost/127.0.0.1:9092) could not be established. Node may not be available.
2026-07-21T00:33:38.564+05:30  WARN 25528 --- [user-service] [kafka-producer-network-thread | user-service-producer-1] org.apache.kafka.clients.NetworkClient   : [Producer clientId=user-service-producer-1] Bootstrap broker localhost:9092 (id: -1 rack: null) disconnected
2026-07-21T00:33:39.598+05:30  INFO 25528 --- [user-service] [kafka-producer-network-thread | user-service-producer-1] org.apache.kafka.clients.NetworkClient   : [Producer clientId=user-service-producer-1] Node -1 disconnected.
2026-07-21T00:33:39.598+05:30  WARN 25528 --- [user-service] [kafka-producer-network-thread | user-service-producer-1] org.apache.kafka.clients.NetworkClient   : [Producer clientId=user-service-producer-1] Connection to node -1 (localhost/127.0.0.1:9092) could not be established. Node may not be available.
2026-07-21T00:33:39.599+05:30  WARN 25528 --- [user-service] [kafka-producer-network-thread | user-service-producer-1] org.apache.kafka.clients.NetworkClient   : [Producer clientId=user-service-producer-1] Bootstrap broker localhost:9092 (id: -1 rack: null) disconnected
2026-07-21T00:33:40.603+05:30  INFO 25528 --- [user-service] [kafka-producer-network-thread | user-service-producer-1] org.apache.kafka.clients.NetworkClient   : [Producer clientId=user-service-producer-1] Node -1 disconnected.
2026-07-21T00:33:40.603+05:30  WARN 25528 --- [user-service] [kafka-producer-network-thread | user-service-producer-1] org.apache.kafka.clients.NetworkClient   : [Producer clientId=user-service-producer-1] Connection to node -1 (localhost/127.0.0.1:9092) could not be established. Node may not be available.
2026-07-21T00:33:40.603+05:30  WARN 25528 --- [user-service] [kafka-producer-network-thread | user-service-producer-1] org.apache.kafka.clients.NetworkClient   : [Producer clientId=user-service-producer-1] Bootstrap broker localhost:9092 (id: -1 rack: null) disconnected
2026-07-21T00:33:41.580+05:30  INFO 25528 --- [user-service] [kafka-producer-network-thread | user-service-producer-1] org.apache.kafka.clients.NetworkClient   : [Producer clientId=user-service-producer-1] Node -1 disconnected.
2026-07-21T00:33:41.580+05:30  WARN 25528 --- [user-service] [kafka-producer-network-thread | user-service-producer-1] org.apache.kafka.clients.NetworkClient   : [Producer clientId=user-service-producer-1] Connection to node -1 (localhost/127.0.0.1:9092) could not be established. Node may not be available.
2026-07-21T00:33:41.581+05:30  WARN 25528 --- [user-service] [kafka-producer-network-thread | user-service-producer-1] org.apache.kafka.clients.NetworkClient   : [Producer clientId=user-service-producer-1] Bootstrap broker localhost:9092 (id: -1 rack: null) disconnected
2026-07-21T00:33:42.502+05:30  INFO 25528 --- [user-service] [kafka-producer-network-thread | user-service-producer-1] org.apache.kafka.clients.NetworkClient   : [Producer clientId=user-service-producer-1] Node -1 disconnected.
2026-07-21T00:33:42.502+05:30  WARN 25528 --- [user-service] [kafka-producer-network-thread | user-service-producer-1] org.apache.kafka.clients.NetworkClient   : [Producer clientId=user-service-producer-1] Connection to node -1 (localhost/127.0.0.1:9092) could not be established. Node may not be available.
2026-07-21T00:33:42.502+05:30  WARN 25528 --- [user-service] [kafka-producer-network-thread | user-service-producer-1] org.apache.kafka.clients.NetworkClient   : [Producer clientId=user-service-producer-1] Bootstrap broker localhost:9092 (id: -1 rack: null) disconnected
2026-07-21T00:33:43.551+05:30  INFO 25528 --- [user-service] [kafka-producer-network-thread | user-service-producer-1] org.apache.kafka.clients.NetworkClient   : [Producer clientId=user-service-producer-1] Node -1 disconnected.
2026-07-21T00:33:43.551+05:30  WARN 25528 --- [user-service] [kafka-producer-network-thread | user-service-producer-1] org.apache.kafka.clients.NetworkClient   : [Producer clientId=user-service-producer-1] Connection to node -1 (localhost/127.0.0.1:9092) could not be established. Node may not be available.
2026-07-21T00:33:43.551+05:30  WARN 25528 --- [user-service] [kafka-producer-network-thread | user-service-producer-1] org.apache.kafka.clients.NetworkClient   : [Producer clientId=user-service-producer-1] Bootstrap broker localhost:9092 (id: -1 rack: null) disconnected
2026-07-21T00:33:44.592+05:30  INFO 25528 --- [user-service] [kafka-producer-network-thread | user-service-producer-1] org.apache.kafka.clients.NetworkClient   : [Producer clientId=user-service-producer-1] Node -1 disconnected.
2026-07-21T00:33:44.592+05:30  WARN 25528 --- [user-service] [kafka-producer-network-thread | user-service-producer-1] org.apache.kafka.clients.NetworkClient   : [Producer clientId=user-service-producer-1] Connection to node -1 (localhost/127.0.0.1:9092) could not be established. Node may not be available.
2026-07-21T00:33:44.592+05:30  WARN 25528 --- [user-service] [kafka-producer-network-thread | user-service-producer-1] org.apache.kafka.clients.NetworkClient   : [Producer clientId=user-service-producer-1] Bootstrap broker localhost:9092 (id: -1 rack: null) disconnected
2026-07-21T00:33:45.475+05:30  INFO 25528 --- [user-service] [kafka-producer-network-thread | user-service-producer-1] org.apache.kafka.clients.NetworkClient   : [Producer clientId=user-service-producer-1] Node -1 disconnected.
2026-07-21T00:33:45.475+05:30  WARN 25528 --- [user-service] [kafka-producer-network-thread | user-service-producer-1] org.apache.kafka.clients.NetworkClient   : [Producer clientId=user-service-producer-1] Connection to node -1 (localhost/127.0.0.1:9092) could not be established. Node may not be available.
2026-07-21T00:33:45.475+05:30  WARN 25528 --- [user-service] [kafka-producer-network-thread | user-service-producer-1] org.apache.kafka.clients.NetworkClient   : [Producer clientId=user-service-producer-1] Bootstrap broker localhost:9092 (id: -1 rack: null) disconnected
2026-07-21T00:33:46.462+05:30  INFO 25528 --- [user-service] [kafka-producer-network-thread | user-service-producer-1] org.apache.kafka.clients.NetworkClient   : [Producer clientId=user-service-producer-1] Node -1 disconnected.
2026-07-21T00:33:46.462+05:30  WARN 25528 --- [user-service] [kafka-producer-network-thread | user-service-producer-1] org.apache.kafka.clients.NetworkClient   : [Producer clientId=user-service-producer-1] Connection to node -1 (localhost/127.0.0.1:9092) could not be established. Node may not be available.
2026-07-21T00:33:46.462+05:30  WARN 25528 --- [user-service] [kafka-producer-network-thread | user-service-producer-1] org.apache.kafka.clients.NetworkClient   : [Producer clientId=user-service-producer-1] Bootstrap broker localhost:9092 (id: -1 rack: null) disconnected
2026-07-21T00:33:47.507+05:30  INFO 25528 --- [user-service] [kafka-producer-network-thread | user-service-producer-1] org.apache.kafka.clients.NetworkClient   : [Producer clientId=user-service-producer-1] Node -1 disconnected.
2026-07-21T00:33:47.508+05:30  WARN 25528 --- [user-service] [kafka-producer-network-thread | user-service-producer-1] org.apache.kafka.clients.NetworkClient   : [Producer clientId=user-service-producer-1] Connection to node -1 (localhost/127.0.0.1:9092) could not be established. Node may not be available.
2026-07-21T00:33:47.508+05:30  WARN 25528 --- [user-service] [kafka-producer-network-thread | user-service-producer-1] org.apache.kafka.clients.NetworkClient   : [Producer clientId=user-service-producer-1] Bootstrap broker localhost:9092 (id: -1 rack: null) disconnected
2026-07-21T00:33:48.433+05:30  INFO 25528 --- [user-service] [kafka-producer-network-thread | user-service-producer-1] org.apache.kafka.clients.NetworkClient   : [Producer clientId=user-service-producer-1] Node -1 disconnected.
2026-07-21T00:33:48.434+05:30  WARN 25528 --- [user-service] [kafka-producer-network-thread | user-service-producer-1] org.apache.kafka.clients.NetworkClient   : [Producer clientId=user-service-producer-1] Connection to node -1 (localhost/127.0.0.1:9092) could not be established. Node may not be available.
2026-07-21T00:33:48.434+05:30  WARN 25528 --- [user-service] [kafka-producer-network-thread | user-service-producer-1] org.apache.kafka.clients.NetworkClient   : [Producer clientId=user-service-producer-1] Bootstrap broker localhost:9092 (id: -1 rack: null) disconnected
2026-07-21T00:33:49.475+05:30  INFO 25528 --- [user-service] [kafka-producer-network-thread | user-service-producer-1] org.apache.kafka.clients.NetworkClient   : [Producer clientId=user-service-producer-1] Node -1 disconnected.
2026-07-21T00:33:49.475+05:30  WARN 25528 --- [user-service] [kafka-producer-network-thread | user-service-producer-1] org.apache.kafka.clients.NetworkClient   : [Producer clientId=user-service-producer-1] Connection to node -1 (localhost/127.0.0.1:9092) could not be established. Node may not be available.
2026-07-21T00:33:49.475+05:30  WARN 25528 --- [user-service] [kafka-producer-network-thread | user-service-producer-1] org.apache.kafka.clients.NetworkClient   : [Producer clientId=user-service-producer-1] Bootstrap broker localhost:9092 (id: -1 rack: null) disconnected
2026-07-21T00:33:50.513+05:30  INFO 25528 --- [user-service] [kafka-producer-network-thread | user-service-producer-1] org.apache.kafka.clients.NetworkClient   : [Producer clientId=user-service-producer-1] Node -1 disconnected.
2026-07-21T00:33:50.513+05:30  WARN 25528 --- [user-service] [kafka-producer-network-thread | user-service-producer-1] org.apache.kafka.clients.NetworkClient   : [Producer clientId=user-service-producer-1] Connection to node -1 (localhost/127.0.0.1:9092) could not be established. Node may not be available.
2026-07-21T00:33:50.513+05:30  WARN 25528 --- [user-service] [kafka-producer-network-thread | user-service-producer-1] org.apache.kafka.clients.NetworkClient   : [Producer clientId=user-service-producer-1] Bootstrap broker localhost:9092 (id: -1 rack: null) disconnected
2026-07-21T00:33:51.553+05:30  INFO 25528 --- [user-service] [kafka-producer-network-thread | user-service-producer-1] org.apache.kafka.clients.NetworkClient   : [Producer clientId=user-service-producer-1] Node -1 disconnected.
2026-07-21T00:33:51.553+05:30  WARN 25528 --- [user-service] [kafka-producer-network-thread | user-service-producer-1] org.apache.kafka.clients.NetworkClient   : [Producer clientId=user-service-producer-1] Connection to node -1 (localhost/127.0.0.1:9092) could not be established. Node may not be available.
2026-07-21T00:33:51.553+05:30  WARN 25528 --- [user-service] [kafka-producer-network-thread | user-service-producer-1] org.apache.kafka.clients.NetworkClient   : [Producer clientId=user-service-producer-1] Bootstrap broker localhost:9092 (id: -1 rack: null) disconnected
2026-07-21T00:33:52.506+05:30  INFO 25528 --- [user-service] [kafka-producer-network-thread | user-service-producer-1] org.apache.kafka.clients.NetworkClient   : [Producer clientId=user-service-producer-1] Node -1 disconnected.
2026-07-21T00:33:52.506+05:30  WARN 25528 --- [user-service] [kafka-producer-network-thread | user-service-producer-1] org.apache.kafka.clients.NetworkClient   : [Producer clientId=user-service-producer-1] Connection to node -1 (localhost/127.0.0.1:9092) could not be established. Node may not be available.
2026-07-21T00:33:52.506+05:30  WARN 25528 --- [user-service] [kafka-producer-network-thread | user-service-producer-1] org.apache.kafka.clients.NetworkClient   : [Producer clientId=user-service-producer-1] Bootstrap broker localhost:9092 (id: -1 rack: null) disconnected
2026-07-21T00:33:53.381+05:30  INFO 25528 --- [user-service] [kafka-producer-network-thread | user-service-producer-1] org.apache.kafka.clients.NetworkClient   : [Producer clientId=user-service-producer-1] Node -1 disconnected.
2026-07-21T00:33:53.381+05:30  WARN 25528 --- [user-service] [kafka-producer-network-thread | user-service-producer-1] org.apache.kafka.clients.NetworkClient   : [Producer clientId=user-service-producer-1] Connection to node -1 (localhost/127.0.0.1:9092) could not be established. Node may not be available.
2026-07-21T00:33:53.381+05:30  WARN 25528 --- [user-service] [kafka-producer-network-thread | user-service-producer-1] org.apache.kafka.clients.NetworkClient   : [Producer clientId=user-service-producer-1] Bootstrap broker localhost:9092 (id: -1 rack: null) disconnected
2026-07-21T00:33:54.440+05:30  INFO 25528 --- [user-service] [kafka-producer-network-thread | user-service-producer-1] org.apache.kafka.clients.NetworkClient   : [Producer clientId=user-service-producer-1] Node -1 disconnected.
2026-07-21T00:33:54.440+05:30  WARN 25528 --- [user-service] [kafka-producer-network-thread | user-service-producer-1] org.apache.kafka.clients.NetworkClient   : [Producer clientId=user-service-producer-1] Connection to node -1 (localhost/127.0.0.1:9092) could not be established. Node may not be available.
2026-07-21T00:33:54.440+05:30  WARN 25528 --- [user-service] [kafka-producer-network-thread | user-service-producer-1] org.apache.kafka.clients.NetworkClient   : [Producer clientId=user-service-producer-1] Bootstrap broker localhost:9092 (id: -1 rack: null) disconnected
2026-07-21T00:33:55.468+05:30  INFO 25528 --- [user-service] [kafka-producer-network-thread | user-service-producer-1] org.apache.kafka.clients.NetworkClient   : [Producer clientId=user-service-producer-1] Node -1 disconnected.
2026-07-21T00:33:55.468+05:30  WARN 25528 --- [user-service] [kafka-producer-network-thread | user-service-producer-1] org.apache.kafka.clients.NetworkClient   : [Producer clientId=user-service-producer-1] Connection to node -1 (localhost/127.0.0.1:9092) could not be established. Node may not be available.
2026-07-21T00:33:55.468+05:30  WARN 25528 --- [user-service] [kafka-producer-network-thread | user-service-producer-1] org.apache.kafka.clients.NetworkClient   : [Producer clientId=user-service-producer-1] Bootstrap broker localhost:9092 (id: -1 rack: null) disconnected
2026-07-21T00:33:56.511+05:30  INFO 25528 --- [user-service] [kafka-producer-network-thread | user-service-producer-1] org.apache.kafka.clients.NetworkClient   : [Producer clientId=user-service-producer-1] Node -1 disconnected.
2026-07-21T00:33:56.511+05:30  WARN 25528 --- [user-service] [kafka-producer-network-thread | user-service-producer-1] org.apache.kafka.clients.NetworkClient   : [Producer clientId=user-service-producer-1] Connection to node -1 (localhost/127.0.0.1:9092) could not be established. Node may not be available.
2026-07-21T00:33:56.511+05:30  WARN 25528 --- [user-service] [kafka-producer-network-thread | user-service-producer-1] org.apache.kafka.clients.NetworkClient   : [Producer clientId=user-service-producer-1] Bootstrap broker localhost:9092 (id: -1 rack: null) disconnected
2026-07-21T00:33:57.489+05:30  INFO 25528 --- [user-service] [kafka-producer-network-thread | user-service-producer-1] org.apache.kafka.clients.NetworkClient   : [Producer clientId=user-service-producer-1] Node -1 disconnected.
2026-07-21T00:33:57.489+05:30  WARN 25528 --- [user-service] [kafka-producer-network-thread | user-service-producer-1] org.apache.kafka.clients.NetworkClient   : [Producer clientId=user-service-producer-1] Connection to node -1 (localhost/127.0.0.1:9092) could not be established. Node may not be available.
2026-07-21T00:33:57.489+05:30  WARN 25528 --- [user-service] [kafka-producer-network-thread | user-service-producer-1] org.apache.kafka.clients.NetworkClient   : [Producer clientId=user-service-producer-1] Bootstrap broker localhost:9092 (id: -1 rack: null) disconnected
2026-07-21T00:33:58.494+05:30  INFO 25528 --- [user-service] [kafka-producer-network-thread | user-service-producer-1] org.apache.kafka.clients.NetworkClient   : [Producer clientId=user-service-producer-1] Node -1 disconnected.
2026-07-21T00:33:58.494+05:30  WARN 25528 --- [user-service] [kafka-producer-network-thread | user-service-producer-1] org.apache.kafka.clients.NetworkClient   : [Producer clientId=user-service-producer-1] Connection to node -1 (localhost/127.0.0.1:9092) could not be established. Node may not be available.
2026-07-21T00:33:58.494+05:30  WARN 25528 --- [user-service] [kafka-producer-network-thread | user-service-producer-1] org.apache.kafka.clients.NetworkClient   : [Producer clientId=user-service-producer-1] Bootstrap broker localhost:9092 (id: -1 rack: null) disconnected
2026-07-21T00:33:59.450+05:30  INFO 25528 --- [user-service] [kafka-producer-network-thread | user-service-producer-1] org.apache.kafka.clients.NetworkClient   : [Producer clientId=user-service-producer-1] Node -1 disconnected.
2026-07-21T00:33:59.450+05:30  WARN 25528 --- [user-service] [kafka-producer-network-thread | user-service-producer-1] org.apache.kafka.clients.NetworkClient   : [Producer clientId=user-service-producer-1] Connection to node -1 (localhost/127.0.0.1:9092) could not be established. Node may not be available.
2026-07-21T00:33:59.450+05:30  WARN 25528 --- [user-service] [kafka-producer-network-thread | user-service-producer-1] org.apache.kafka.clients.NetworkClient   : [Producer clientId=user-service-producer-1] Bootstrap broker localhost:9092 (id: -1 rack: null) disconnected
2026-07-21T00:34:00.316+05:30  INFO 25528 --- [user-service] [kafka-producer-network-thread | user-service-producer-1] org.apache.kafka.clients.NetworkClient   : [Producer clientId=user-service-producer-1] Node -1 disconnected.
2026-07-21T00:34:00.317+05:30  WARN 25528 --- [user-service] [kafka-producer-network-thread | user-service-producer-1] org.apache.kafka.clients.NetworkClient   : [Producer clientId=user-service-producer-1] Connection to node -1 (localhost/127.0.0.1:9092) could not be established. Node may not be available.
2026-07-21T00:34:00.317+05:30  WARN 25528 --- [user-service] [kafka-producer-network-thread | user-service-producer-1] org.apache.kafka.clients.NetworkClient   : [Producer clientId=user-service-producer-1] Bootstrap broker localhost:9092 (id: -1 rack: null) disconnected
2026-07-21T00:34:01.360+05:30  INFO 25528 --- [user-service] [kafka-producer-network-thread | user-service-producer-1] org.apache.kafka.clients.NetworkClient   : [Producer clientId=user-service-producer-1] Node -1 disconnected.
2026-07-21T00:34:01.360+05:30  WARN 25528 --- [user-service] [kafka-producer-network-thread | user-service-producer-1] org.apache.kafka.clients.NetworkClient   : [Producer clientId=user-service-producer-1] Connection to node -1 (localhost/127.0.0.1:9092) could not be established. Node may not be available.
2026-07-21T00:34:01.360+05:30  WARN 25528 --- [user-service] [kafka-producer-network-thread | user-service-producer-1] org.apache.kafka.clients.NetworkClient   : [Producer clientId=user-service-producer-1] Bootstrap broker localhost:9092 (id: -1 rack: null) disconnected
2026-07-21T00:34:02.372+05:30  INFO 25528 --- [user-service] [kafka-producer-network-thread | user-service-producer-1] org.apache.kafka.clients.NetworkClient   : [Producer clientId=user-service-producer-1] Node -1 disconnected.
2026-07-21T00:34:02.372+05:30  WARN 25528 --- [user-service] [kafka-producer-network-thread | user-service-producer-1] org.apache.kafka.clients.NetworkClient   : [Producer clientId=user-service-producer-1] Connection to node -1 (localhost/127.0.0.1:9092) could not be established. Node may not be available.
2026-07-21T00:34:02.372+05:30  WARN 25528 --- [user-service] [kafka-producer-network-thread | user-service-producer-1] org.apache.kafka.clients.NetworkClient   : [Producer clientId=user-service-producer-1] Bootstrap broker localhost:9092 (id: -1 rack: null) disconnected
2026-07-21T00:34:03.353+05:30  INFO 25528 --- [user-service] [kafka-producer-network-thread | user-service-producer-1] org.apache.kafka.clients.NetworkClient   : [Producer clientId=user-service-producer-1] Node -1 disconnected.
2026-07-21T00:34:03.353+05:30  WARN 25528 --- [user-service] [kafka-producer-network-thread | user-service-producer-1] org.apache.kafka.clients.NetworkClient   : [Producer clientId=user-service-producer-1] Connection to node -1 (localhost/127.0.0.1:9092) could not be established. Node may not be available.
2026-07-21T00:34:03.353+05:30  WARN 25528 --- [user-service] [kafka-producer-network-thread | user-service-producer-1] org.apache.kafka.clients.NetworkClient   : [Producer clientId=user-service-producer-1] Bootstrap broker localhost:9092 (id: -1 rack: null) disconnected
2026-07-21T00:34:04.334+05:30  INFO 25528 --- [user-service] [kafka-producer-network-thread | user-service-producer-1] org.apache.kafka.clients.NetworkClient   : [Producer clientId=user-service-producer-1] Node -1 disconnected.
2026-07-21T00:34:04.334+05:30  WARN 25528 --- [user-service] [kafka-producer-network-thread | user-service-producer-1] org.apache.kafka.clients.NetworkClient   : [Producer clientId=user-service-producer-1] Connection to node -1 (localhost/127.0.0.1:9092) could not be established. Node may not be available.
2026-07-21T00:34:04.335+05:30  WARN 25528 --- [user-service] [kafka-producer-network-thread | user-service-producer-1] org.apache.kafka.clients.NetworkClient   : [Producer clientId=user-service-producer-1] Bootstrap broker localhost:9092 (id: -1 rack: null) disconnected
2026-07-21T00:34:05.339+05:30  INFO 25528 --- [user-service] [kafka-producer-network-thread | user-service-producer-1] org.apache.kafka.clients.NetworkClient   : [Producer clientId=user-service-producer-1] Node -1 disconnected.
2026-07-21T00:34:05.339+05:30  WARN 25528 --- [user-service] [kafka-producer-network-thread | user-service-producer-1] org.apache.kafka.clients.NetworkClient   : [Producer clientId=user-service-producer-1] Connection to node -1 (localhost/127.0.0.1:9092) could not be established. Node may not be available.
2026-07-21T00:34:05.340+05:30  WARN 25528 --- [user-service] [kafka-producer-network-thread | user-service-producer-1] org.apache.kafka.clients.NetworkClient   : [Producer clientId=user-service-producer-1] Bootstrap broker localhost:9092 (id: -1 rack: null) disconnected
2026-07-21T00:34:06.334+05:30  INFO 25528 --- [user-service] [kafka-producer-network-thread | user-service-producer-1] org.apache.kafka.clients.NetworkClient   : [Producer clientId=user-service-producer-1] Node -1 disconnected.
2026-07-21T00:34:06.334+05:30  WARN 25528 --- [user-service] [kafka-producer-network-thread | user-service-producer-1] org.apache.kafka.clients.NetworkClient   : [Producer clientId=user-service-producer-1] Connection to node -1 (localhost/127.0.0.1:9092) could not be established. Node may not be available.
2026-07-21T00:34:06.334+05:30  WARN 25528 --- [user-service] [kafka-producer-network-thread | user-service-producer-1] org.apache.kafka.clients.NetworkClient   : [Producer clientId=user-service-producer-1] Bootstrap broker localhost:9092 (id: -1 rack: null) disconnected
2026-07-21T00:34:07.381+05:30  INFO 25528 --- [user-service] [kafka-producer-network-thread | user-service-producer-1] org.apache.kafka.clients.NetworkClient   : [Producer clientId=user-service-producer-1] Node -1 disconnected.
2026-07-21T00:34:07.381+05:30  WARN 25528 --- [user-service] [kafka-producer-network-thread | user-service-producer-1] org.apache.kafka.clients.NetworkClient   : [Producer clientId=user-service-producer-1] Connection to node -1 (localhost/127.0.0.1:9092) could not be established. Node may not be available.
2026-07-21T00:34:07.382+05:30  WARN 25528 --- [user-service] [kafka-producer-network-thread | user-service-producer-1] org.apache.kafka.clients.NetworkClient   : [Producer clientId=user-service-producer-1] Bootstrap broker localhost:9092 (id: -1 rack: null) disconnected
2026-07-21T00:34:08.299+05:30  INFO 25528 --- [user-service] [kafka-producer-network-thread | user-service-producer-1] org.apache.kafka.clients.NetworkClient   : [Producer clientId=user-service-producer-1] Node -1 disconnected.
2026-07-21T00:34:08.299+05:30  WARN 25528 --- [user-service] [kafka-producer-network-thread | user-service-producer-1] org.apache.kafka.clients.NetworkClient   : [Producer clientId=user-service-producer-1] Connection to node -1 (localhost/127.0.0.1:9092) could not be established. Node may not be available.
2026-07-21T00:34:08.299+05:30  WARN 25528 --- [user-service] [kafka-producer-network-thread | user-service-producer-1] org.apache.kafka.clients.NetworkClient   : [Producer clientId=user-service-producer-1] Bootstrap broker localhost:9092 (id: -1 rack: null) disconnected
2026-07-21T00:34:09.355+05:30  INFO 25528 --- [user-service] [kafka-producer-network-thread | user-service-producer-1] org.apache.kafka.clients.NetworkClient   : [Producer clientId=user-service-producer-1] Node -1 disconnected.
2026-07-21T00:34:09.356+05:30  WARN 25528 --- [user-service] [kafka-producer-network-thread | user-service-producer-1] org.apache.kafka.clients.NetworkClient   : [Producer clientId=user-service-producer-1] Connection to node -1 (localhost/127.0.0.1:9092) could not be established. Node may not be available.
2026-07-21T00:34:09.356+05:30  WARN 25528 --- [user-service] [kafka-producer-network-thread | user-service-producer-1] org.apache.kafka.clients.NetworkClient   : [Producer clientId=user-service-producer-1] Bootstrap broker localhost:9092 (id: -1 rack: null) disconnected
2026-07-21T00:34:10.416+05:30  INFO 25528 --- [user-service] [kafka-producer-network-thread | user-service-producer-1] org.apache.kafka.clients.NetworkClient   : [Producer clientId=user-service-producer-1] Node -1 disconnected.
2026-07-21T00:34:10.416+05:30  WARN 25528 --- [user-service] [kafka-producer-network-thread | user-service-producer-1] org.apache.kafka.clients.NetworkClient   : [Producer clientId=user-service-producer-1] Connection to node -1 (localhost/127.0.0.1:9092) could not be established. Node may not be available.
2026-07-21T00:34:10.416+05:30  WARN 25528 --- [user-service] [kafka-producer-network-thread | user-service-producer-1] org.apache.kafka.clients.NetworkClient   : [Producer clientId=user-service-producer-1] Bootstrap broker localhost:9092 (id: -1 rack: null) disconnected
2026-07-21T00:34:11.401+05:30  INFO 25528 --- [user-service] [kafka-producer-network-thread | user-service-producer-1] org.apache.kafka.clients.NetworkClient   : [Producer clientId=user-service-producer-1] Node -1 disconnected.
2026-07-21T00:34:11.402+05:30  WARN 25528 --- [user-service] [kafka-producer-network-thread | user-service-producer-1] org.apache.kafka.clients.NetworkClient   : [Producer clientId=user-service-producer-1] Connection to node -1 (localhost/127.0.0.1:9092) could not be established. Node may not be available.
2026-07-21T00:34:11.402+05:30  WARN 25528 --- [user-service] [kafka-producer-network-thread | user-service-producer-1] org.apache.kafka.clients.NetworkClient   : [Producer clientId=user-service-producer-1] Bootstrap broker localhost:9092 (id: -1 rack: null) disconnected
2026-07-21T00:34:12.449+05:30  INFO 25528 --- [user-service] [kafka-producer-network-thread | user-service-producer-1] org.apache.kafka.clients.NetworkClient   : [Producer clientId=user-service-producer-1] Node -1 disconnected.
2026-07-21T00:34:12.449+05:30  WARN 25528 --- [user-service] [kafka-producer-network-thread | user-service-producer-1] org.apache.kafka.clients.NetworkClient   : [Producer clientId=user-service-producer-1] Connection to node -1 (localhost/127.0.0.1:9092) could not be established. Node may not be available.
2026-07-21T00:34:12.449+05:30  WARN 25528 --- [user-service] [kafka-producer-network-thread | user-service-producer-1] org.apache.kafka.clients.NetworkClient   : [Producer clientId=user-service-producer-1] Bootstrap broker localhost:9092 (id: -1 rack: null) disconnected
2026-07-21T00:34:13.490+05:30  INFO 25528 --- [user-service] [kafka-producer-network-thread | user-service-producer-1] org.apache.kafka.clients.NetworkClient   : [Producer clientId=user-service-producer-1] Node -1 disconnected.
2026-07-21T00:34:13.490+05:30  WARN 25528 --- [user-service] [kafka-producer-network-thread | user-service-producer-1] org.apache.kafka.clients.NetworkClient   : [Producer clientId=user-service-producer-1] Connection to node -1 (localhost/127.0.0.1:9092) could not be established. Node may not be available.
2026-07-21T00:34:13.491+05:30  WARN 25528 --- [user-service] [kafka-producer-network-thread | user-service-producer-1] org.apache.kafka.clients.NetworkClient   : [Producer clientId=user-service-producer-1] Bootstrap broker localhost:9092 (id: -1 rack: null) disconnected
2026-07-21T00:34:14.471+05:30  INFO 25528 --- [user-service] [kafka-producer-network-thread | user-service-producer-1] org.apache.kafka.clients.NetworkClient   : [Producer clientId=user-service-producer-1] Node -1 disconnected.
2026-07-21T00:34:14.472+05:30  WARN 25528 --- [user-service] [kafka-producer-network-thread | user-service-producer-1] org.apache.kafka.clients.NetworkClient   : [Producer clientId=user-service-producer-1] Connection to node -1 (localhost/127.0.0.1:9092) could not be established. Node may not be available.
2026-07-21T00:34:14.472+05:30  WARN 25528 --- [user-service] [kafka-producer-network-thread | user-service-producer-1] org.apache.kafka.clients.NetworkClient   : [Producer clientId=user-service-producer-1] Bootstrap broker localhost:9092 (id: -1 rack: null) disconnected
2026-07-21T00:34:15.483+05:30  INFO 25528 --- [user-service] [kafka-producer-network-thread | user-service-producer-1] org.apache.kafka.clients.NetworkClient   : [Producer clientId=user-service-producer-1] Node -1 disconnected.
2026-07-21T00:34:15.483+05:30  WARN 25528 --- [user-service] [kafka-producer-network-thread | user-service-producer-1] org.apache.kafka.clients.NetworkClient   : [Producer clientId=user-service-producer-1] Connection to node -1 (localhost/127.0.0.1:9092) could not be established. Node may not be available.
2026-07-21T00:34:15.483+05:30  WARN 25528 --- [user-service] [kafka-producer-network-thread | user-service-producer-1] org.apache.kafka.clients.NetworkClient   : [Producer clientId=user-service-producer-1] Bootstrap broker localhost:9092 (id: -1 rack: null) disconnected
2026-07-21T00:34:16.465+05:30  INFO 25528 --- [user-service] [kafka-producer-network-thread | user-service-producer-1] org.apache.kafka.clients.NetworkClient   : [Producer clientId=user-service-producer-1] Node -1 disconnected.
2026-07-21T00:34:16.465+05:30  WARN 25528 --- [user-service] [kafka-producer-network-thread | user-service-producer-1] org.apache.kafka.clients.NetworkClient   : [Producer clientId=user-service-producer-1] Connection to node -1 (localhost/127.0.0.1:9092) could not be established. Node may not be available.
2026-07-21T00:34:16.465+05:30  WARN 25528 --- [user-service] [kafka-producer-network-thread | user-service-producer-1] org.apache.kafka.clients.NetworkClient   : [Producer clientId=user-service-producer-1] Bootstrap broker localhost:9092 (id: -1 rack: null) disconnected
2026-07-21T00:34:17.321+05:30  INFO 25528 --- [user-service] [kafka-producer-network-thread | user-service-producer-1] org.apache.kafka.clients.NetworkClient   : [Producer clientId=user-service-producer-1] Node -1 disconnected.
2026-07-21T00:34:17.321+05:30  WARN 25528 --- [user-service] [kafka-producer-network-thread | user-service-producer-1] org.apache.kafka.clients.NetworkClient   : [Producer clientId=user-service-producer-1] Connection to node -1 (localhost/127.0.0.1:9092) could not be established. Node may not be available.
2026-07-21T00:34:17.321+05:30  WARN 25528 --- [user-service] [kafka-producer-network-thread | user-service-producer-1] org.apache.kafka.clients.NetworkClient   : [Producer clientId=user-service-producer-1] Bootstrap broker localhost:9092 (id: -1 rack: null) disconnected
2026-07-21T00:34:18.323+05:30  INFO 25528 --- [user-service] [kafka-producer-network-thread | user-service-producer-1] org.apache.kafka.clients.NetworkClient   : [Producer clientId=user-service-producer-1] Node -1 disconnected.
2026-07-21T00:34:18.323+05:30  WARN 25528 --- [user-service] [kafka-producer-network-thread | user-service-producer-1] org.apache.kafka.clients.NetworkClient   : [Producer clientId=user-service-producer-1] Connection to node -1 (localhost/127.0.0.1:9092) could not be established. Node may not be available.
2026-07-21T00:34:18.323+05:30  WARN 25528 --- [user-service] [kafka-producer-network-thread | user-service-producer-1] org.apache.kafka.clients.NetworkClient   : [Producer clientId=user-service-producer-1] Bootstrap broker localhost:9092 (id: -1 rack: null) disconnected
2026-07-21T00:34:19.247+05:30  INFO 25528 --- [user-service] [kafka-producer-network-thread | user-service-producer-1] org.apache.kafka.clients.NetworkClient   : [Producer clientId=user-service-producer-1] Node -1 disconnected.
2026-07-21T00:34:19.247+05:30  WARN 25528 --- [user-service] [kafka-producer-network-thread | user-service-producer-1] org.apache.kafka.clients.NetworkClient   : [Producer clientId=user-service-producer-1] Connection to node -1 (localhost/127.0.0.1:9092) could not be established. Node may not be available.
2026-07-21T00:34:19.247+05:30  WARN 25528 --- [user-service] [kafka-producer-network-thread | user-service-producer-1] org.apache.kafka.clients.NetworkClient   : [Producer clientId=user-service-producer-1] Bootstrap broker localhost:9092 (id: -1 rack: null) disconnected
2026-07-21T00:34:20.177+05:30  INFO 25528 --- [user-service] [kafka-producer-network-thread | user-service-producer-1] org.apache.kafka.clients.NetworkClient   : [Producer clientId=user-service-producer-1] Node -1 disconnected.
2026-07-21T00:34:20.178+05:30  WARN 25528 --- [user-service] [kafka-producer-network-thread | user-service-producer-1] org.apache.kafka.clients.NetworkClient   : [Producer clientId=user-service-producer-1] Connection to node -1 (localhost/127.0.0.1:9092) could not be established. Node may not be available.
2026-07-21T00:34:20.178+05:30  WARN 25528 --- [user-service] [kafka-producer-network-thread | user-service-producer-1] org.apache.kafka.clients.NetworkClient   : [Producer clientId=user-service-producer-1] Bootstrap broker localhost:9092 (id: -1 rack: null) disconnected
2026-07-21T00:34:21.069+05:30  INFO 25528 --- [user-service] [kafka-producer-network-thread | user-service-producer-1] org.apache.kafka.clients.NetworkClient   : [Producer clientId=user-service-producer-1] Node -1 disconnected.
2026-07-21T00:34:21.069+05:30  WARN 25528 --- [user-service] [kafka-producer-network-thread | user-service-producer-1] org.apache.kafka.clients.NetworkClient   : [Producer clientId=user-service-producer-1] Connection to node -1 (localhost/127.0.0.1:9092) could not be established. Node may not be available.
2026-07-21T00:34:21.069+05:30  WARN 25528 --- [user-service] [kafka-producer-network-thread | user-service-producer-1] org.apache.kafka.clients.NetworkClient   : [Producer clientId=user-service-producer-1] Bootstrap broker localhost:9092 (id: -1 rack: null) disconnected
2026-07-21T00:34:22.084+05:30  INFO 25528 --- [user-service] [kafka-producer-network-thread | user-service-producer-1] org.apache.kafka.clients.NetworkClient   : [Producer clientId=user-service-producer-1] Node -1 disconnected.
2026-07-21T00:34:22.085+05:30  WARN 25528 --- [user-service] [kafka-producer-network-thread | user-service-producer-1] org.apache.kafka.clients.NetworkClient   : [Producer clientId=user-service-producer-1] Connection to node -1 (localhost/127.0.0.1:9092) could not be established. Node may not be available.
2026-07-21T00:34:22.085+05:30  WARN 25528 --- [user-service] [kafka-producer-network-thread | user-service-producer-1] org.apache.kafka.clients.NetworkClient   : [Producer clientId=user-service-producer-1] Bootstrap broker localhost:9092 (id: -1 rack: null) disconnected
2026-07-21T00:34:23.099+05:30  INFO 25528 --- [user-service] [kafka-producer-network-thread | user-service-producer-1] org.apache.kafka.clients.NetworkClient   : [Producer clientId=user-service-producer-1] Node -1 disconnected.
2026-07-21T00:34:23.099+05:30  WARN 25528 --- [user-service] [kafka-producer-network-thread | user-service-producer-1] org.apache.kafka.clients.NetworkClient   : [Producer clientId=user-service-producer-1] Connection to node -1 (localhost/127.0.0.1:9092) could not be established. Node may not be available.
2026-07-21T00:34:23.100+05:30  WARN 25528 --- [user-service] [kafka-producer-network-thread | user-service-producer-1] org.apache.kafka.clients.NetworkClient   : [Producer clientId=user-service-producer-1] Bootstrap broker localhost:9092 (id: -1 rack: null) disconnected
2026-07-21T00:34:23.965+05:30  INFO 25528 --- [user-service] [kafka-producer-network-thread | user-service-producer-1] org.apache.kafka.clients.NetworkClient   : [Producer clientId=user-service-producer-1] Node -1 disconnected.
2026-07-21T00:34:23.965+05:30  WARN 25528 --- [user-service] [kafka-producer-network-thread | user-service-producer-1] org.apache.kafka.clients.NetworkClient   : [Producer clientId=user-service-producer-1] Connection to node -1 (localhost/127.0.0.1:9092) could not be established. Node may not be available.
2026-07-21T00:34:23.965+05:30  WARN 25528 --- [user-service] [kafka-producer-network-thread | user-service-producer-1] org.apache.kafka.clients.NetworkClient   : [Producer clientId=user-service-producer-1] Bootstrap broker localhost:9092 (id: -1 rack: null) disconnected
2026-07-21T00:34:24.948+05:30  INFO 25528 --- [user-service] [kafka-producer-network-thread | user-service-producer-1] org.apache.kafka.clients.NetworkClient   : [Producer clientId=user-service-producer-1] Node -1 disconnected.
2026-07-21T00:34:24.948+05:30  WARN 25528 --- [user-service] [kafka-producer-network-thread | user-service-producer-1] org.apache.kafka.clients.NetworkClient   : [Producer clientId=user-service-producer-1] Connection to node -1 (localhost/127.0.0.1:9092) could not be established. Node may not be available.
2026-07-21T00:34:24.948+05:30  WARN 25528 --- [user-service] [kafka-producer-network-thread | user-service-producer-1] org.apache.kafka.clients.NetworkClient   : [Producer clientId=user-service-producer-1] Bootstrap broker localhost:9092 (id: -1 rack: null) disconnected
2026-07-21T00:34:25.932+05:30  INFO 25528 --- [user-service] [kafka-producer-network-thread | user-service-producer-1] org.apache.kafka.clients.NetworkClient   : [Producer clientId=user-service-producer-1] Node -1 disconnected.
2026-07-21T00:34:25.932+05:30  WARN 25528 --- [user-service] [kafka-producer-network-thread | user-service-producer-1] org.apache.kafka.clients.NetworkClient   : [Producer clientId=user-service-producer-1] Connection to node -1 (localhost/127.0.0.1:9092) could not be established. Node may not be available.
2026-07-21T00:34:25.933+05:30  WARN 25528 --- [user-service] [kafka-producer-network-thread | user-service-producer-1] org.apache.kafka.clients.NetworkClient   : [Producer clientId=user-service-producer-1] Bootstrap broker localhost:9092 (id: -1 rack: null) disconnected
2026-07-21T00:34:26.909+05:30  INFO 25528 --- [user-service] [kafka-producer-network-thread | user-service-producer-1] org.apache.kafka.clients.NetworkClient   : [Producer clientId=user-service-producer-1] Node -1 disconnected.
2026-07-21T00:34:26.909+05:30  WARN 25528 --- [user-service] [kafka-producer-network-thread | user-service-producer-1] org.apache.kafka.clients.NetworkClient   : [Producer clientId=user-service-producer-1] Connection to node -1 (localhost/127.0.0.1:9092) could not be established. Node may not be available.
2026-07-21T00:34:26.909+05:30  WARN 25528 --- [user-service] [kafka-producer-network-thread | user-service-producer-1] org.apache.kafka.clients.NetworkClient   : [Producer clientId=user-service-producer-1] Bootstrap broker localhost:9092 (id: -1 rack: null) disconnected
2026-07-21T00:34:27.921+05:30  INFO 25528 --- [user-service] [kafka-producer-network-thread | user-service-producer-1] org.apache.kafka.clients.NetworkClient   : [Producer clientId=user-service-producer-1] Node -1 disconnected.
2026-07-21T00:34:27.921+05:30  WARN 25528 --- [user-service] [kafka-producer-network-thread | user-service-producer-1] org.apache.kafka.clients.NetworkClient   : [Producer clientId=user-service-producer-1] Connection to node -1 (localhost/127.0.0.1:9092) could not be established. Node may not be available.
2026-07-21T00:34:27.921+05:30  WARN 25528 --- [user-service] [kafka-producer-network-thread | user-service-producer-1] org.apache.kafka.clients.NetworkClient   : [Producer clientId=user-service-producer-1] Bootstrap broker localhost:9092 (id: -1 rack: null) disconnected
2026-07-21T00:34:28.776+05:30  INFO 25528 --- [user-service] [kafka-producer-network-thread | user-service-producer-1] org.apache.kafka.clients.NetworkClient   : [Producer clientId=user-service-producer-1] Node -1 disconnected.
2026-07-21T00:34:28.777+05:30  WARN 25528 --- [user-service] [kafka-producer-network-thread | user-service-producer-1] org.apache.kafka.clients.NetworkClient   : [Producer clientId=user-service-producer-1] Connection to node -1 (localhost/127.0.0.1:9092) could not be established. Node may not be available.
2026-07-21T00:34:28.777+05:30  WARN 25528 --- [user-service] [kafka-producer-network-thread | user-service-producer-1] org.apache.kafka.clients.NetworkClient   : [Producer clientId=user-service-producer-1] Bootstrap broker localhost:9092 (id: -1 rack: null) disconnected
2026-07-21T00:34:29.819+05:30  INFO 25528 --- [user-service] [kafka-producer-network-thread | user-service-producer-1] org.apache.kafka.clients.NetworkClient   : [Producer clientId=user-service-producer-1] Node -1 disconnected.
2026-07-21T00:34:29.819+05:30  WARN 25528 --- [user-service] [kafka-producer-network-thread | user-service-producer-1] org.apache.kafka.clients.NetworkClient   : [Producer clientId=user-service-producer-1] Connection to node -1 (localhost/127.0.0.1:9092) could not be established. Node may not be available.
2026-07-21T00:34:29.819+05:30  WARN 25528 --- [user-service] [kafka-producer-network-thread | user-service-producer-1] org.apache.kafka.clients.NetworkClient   : [Producer clientId=user-service-producer-1] Bootstrap broker localhost:9092 (id: -1 rack: null) disconnected
2026-07-21T00:34:30.745+05:30  INFO 25528 --- [user-service] [kafka-producer-network-thread | user-service-producer-1] org.apache.kafka.clients.NetworkClient   : [Producer clientId=user-service-producer-1] Node -1 disconnected.
2026-07-21T00:34:30.745+05:30  WARN 25528 --- [user-service] [kafka-producer-network-thread | user-service-producer-1] org.apache.kafka.clients.NetworkClient   : [Producer clientId=user-service-producer-1] Connection to node -1 (localhost/127.0.0.1:9092) could not be established. Node may not be available.
2026-07-21T00:34:30.745+05:30  WARN 25528 --- [user-service] [kafka-producer-network-thread | user-service-producer-1] org.apache.kafka.clients.NetworkClient   : [Producer clientId=user-service-producer-1] Bootstrap broker localhost:9092 (id: -1 rack: null) disconnected
2026-07-21T00:34:31.794+05:30  INFO 25528 --- [user-service] [kafka-producer-network-thread | user-service-producer-1] org.apache.kafka.clients.NetworkClient   : [Producer clientId=user-service-producer-1] Node -1 disconnected.
2026-07-21T00:34:31.794+05:30  WARN 25528 --- [user-service] [kafka-producer-network-thread | user-service-producer-1] org.apache.kafka.clients.NetworkClient   : [Producer clientId=user-service-producer-1] Connection to node -1 (localhost/127.0.0.1:9092) could not be established. Node may not be available.
2026-07-21T00:34:31.794+05:30  WARN 25528 --- [user-service] [kafka-producer-network-thread | user-service-producer-1] org.apache.kafka.clients.NetworkClient   : [Producer clientId=user-service-producer-1] Bootstrap broker localhost:9092 (id: -1 rack: null) disconnected
2026-07-21T00:34:32.654+05:30  INFO 25528 --- [user-service] [kafka-producer-network-thread | user-service-producer-1] org.apache.kafka.clients.NetworkClient   : [Producer clientId=user-service-producer-1] Node -1 disconnected.
2026-07-21T00:34:32.654+05:30  WARN 25528 --- [user-service] [kafka-producer-network-thread | user-service-producer-1] org.apache.kafka.clients.NetworkClient   : [Producer clientId=user-service-producer-1] Connection to node -1 (localhost/127.0.0.1:9092) could not be established. Node may not be available.
2026-07-21T00:34:32.654+05:30  WARN 25528 --- [user-service] [kafka-producer-network-thread | user-service-producer-1] org.apache.kafka.clients.NetworkClient   : [Producer clientId=user-service-producer-1] Bootstrap broker localhost:9092 (id: -1 rack: null) disconnected
2026-07-21T00:34:33.492+05:30  INFO 25528 --- [user-service] [kafka-producer-network-thread | user-service-producer-1] org.apache.kafka.clients.NetworkClient   : [Producer clientId=user-service-producer-1] Node -1 disconnected.
2026-07-21T00:34:33.492+05:30  WARN 25528 --- [user-service] [kafka-producer-network-thread | user-service-producer-1] org.apache.kafka.clients.NetworkClient   : [Producer clientId=user-service-producer-1] Connection to node -1 (localhost/127.0.0.1:9092) could not be established. Node may not be available.
2026-07-21T00:34:33.492+05:30  WARN 25528 --- [user-service] [kafka-producer-network-thread | user-service-producer-1] org.apache.kafka.clients.NetworkClient   : [Producer clientId=user-service-producer-1] Bootstrap broker localhost:9092 (id: -1 rack: null) disconnected
2026-07-21T00:34:34.506+05:30  INFO 25528 --- [user-service] [kafka-producer-network-thread | user-service-producer-1] org.apache.kafka.clients.NetworkClient   : [Producer clientId=user-service-producer-1] Node -1 disconnected.
2026-07-21T00:34:34.506+05:30  WARN 25528 --- [user-service] [kafka-producer-network-thread | user-service-producer-1] org.apache.kafka.clients.NetworkClient   : [Producer clientId=user-service-producer-1] Connection to node -1 (localhost/127.0.0.1:9092) could not be established. Node may not be available.
2026-07-21T00:34:34.506+05:30  WARN 25528 --- [user-service] [kafka-producer-network-thread | user-service-producer-1] org.apache.kafka.clients.NetworkClient   : [Producer clientId=user-service-producer-1] Bootstrap broker localhost:9092 (id: -1 rack: null) disconnected
2026-07-21T00:34:35.423+05:30  INFO 25528 --- [user-service] [kafka-producer-network-thread | user-service-producer-1] org.apache.kafka.clients.NetworkClient   : [Producer clientId=user-service-producer-1] Node -1 disconnected.
2026-07-21T00:34:35.424+05:30  WARN 25528 --- [user-service] [kafka-producer-network-thread | user-service-producer-1] org.apache.kafka.clients.NetworkClient   : [Producer clientId=user-service-producer-1] Connection to node -1 (localhost/127.0.0.1:9092) could not be established. Node may not be available.
2026-07-21T00:34:35.424+05:30  WARN 25528 --- [user-service] [kafka-producer-network-thread | user-service-producer-1] org.apache.kafka.clients.NetworkClient   : [Producer clientId=user-service-producer-1] Bootstrap broker localhost:9092 (id: -1 rack: null) disconnected
2026-07-21T00:34:36.280+05:30  INFO 25528 --- [user-service] [kafka-producer-network-thread | user-service-producer-1] org.apache.kafka.clients.NetworkClient   : [Producer clientId=user-service-producer-1] Node -1 disconnected.
2026-07-21T00:34:36.280+05:30  WARN 25528 --- [user-service] [kafka-producer-network-thread | user-service-producer-1] org.apache.kafka.clients.NetworkClient   : [Producer clientId=user-service-producer-1] Connection to node -1 (localhost/127.0.0.1:9092) could not be established. Node may not be available.
2026-07-21T00:34:36.280+05:30  WARN 25528 --- [user-service] [kafka-producer-network-thread | user-service-producer-1] org.apache.kafka.clients.NetworkClient   : [Producer clientId=user-service-producer-1] Bootstrap broker localhost:9092 (id: -1 rack: null) disconnected
2026-07-21T00:34:37.325+05:30  INFO 25528 --- [user-service] [kafka-producer-network-thread | user-service-producer-1] org.apache.kafka.clients.NetworkClient   : [Producer clientId=user-service-producer-1] Node -1 disconnected.
2026-07-21T00:34:37.325+05:30  WARN 25528 --- [user-service] [kafka-producer-network-thread | user-service-producer-1] org.apache.kafka.clients.NetworkClient   : [Producer clientId=user-service-producer-1] Connection to node -1 (localhost/127.0.0.1:9092) could not be established. Node may not be available.
2026-07-21T00:34:37.325+05:30  WARN 25528 --- [user-service] [kafka-producer-network-thread | user-service-producer-1] org.apache.kafka.clients.NetworkClient   : [Producer clientId=user-service-producer-1] Bootstrap broker localhost:9092 (id: -1 rack: null) disconnected
2026-07-21T00:34:38.383+05:30  INFO 25528 --- [user-service] [kafka-producer-network-thread | user-service-producer-1] org.apache.kafka.clients.NetworkClient   : [Producer clientId=user-service-producer-1] Node -1 disconnected.
2026-07-21T00:34:38.383+05:30  WARN 25528 --- [user-service] [kafka-producer-network-thread | user-service-producer-1] org.apache.kafka.clients.NetworkClient   : [Producer clientId=user-service-producer-1] Connection to node -1 (localhost/127.0.0.1:9092) could not be established. Node may not be available.
2026-07-21T00:34:38.383+05:30  WARN 25528 --- [user-service] [kafka-producer-network-thread | user-service-producer-1] org.apache.kafka.clients.NetworkClient   : [Producer clientId=user-service-producer-1] Bootstrap broker localhost:9092 (id: -1 rack: null) disconnected
2026-07-21T00:34:39.384+05:30  INFO 25528 --- [user-service] [kafka-producer-network-thread | user-service-producer-1] org.apache.kafka.clients.NetworkClient   : [Producer clientId=user-service-producer-1] Node -1 disconnected.
2026-07-21T00:34:39.385+05:30  WARN 25528 --- [user-service] [kafka-producer-network-thread | user-service-producer-1] org.apache.kafka.clients.NetworkClient   : [Producer clientId=user-service-producer-1] Connection to node -1 (localhost/127.0.0.1:9092) could not be established. Node may not be available.
2026-07-21T00:34:39.385+05:30  WARN 25528 --- [user-service] [kafka-producer-network-thread | user-service-producer-1] org.apache.kafka.clients.NetworkClient   : [Producer clientId=user-service-producer-1] Bootstrap broker localhost:9092 (id: -1 rack: null) disconnected
2026-07-21T00:34:40.253+05:30  INFO 25528 --- [user-service] [kafka-producer-network-thread | user-service-producer-1] org.apache.kafka.clients.NetworkClient   : [Producer clientId=user-service-producer-1] Node -1 disconnected.
2026-07-21T00:34:40.253+05:30  WARN 25528 --- [user-service] [kafka-producer-network-thread | user-service-producer-1] org.apache.kafka.clients.NetworkClient   : [Producer clientId=user-service-producer-1] Connection to node -1 (localhost/127.0.0.1:9092) could not be established. Node may not be available.
2026-07-21T00:34:40.253+05:30  WARN 25528 --- [user-service] [kafka-producer-network-thread | user-service-producer-1] org.apache.kafka.clients.NetworkClient   : [Producer clientId=user-service-producer-1] Bootstrap broker localhost:9092 (id: -1 rack: null) disconnected
2026-07-21T00:34:41.297+05:30  INFO 25528 --- [user-service] [kafka-producer-network-thread | user-service-producer-1] org.apache.kafka.clients.NetworkClient   : [Producer clientId=user-service-producer-1] Node -1 disconnected.
2026-07-21T00:34:41.297+05:30  WARN 25528 --- [user-service] [kafka-producer-network-thread | user-service-producer-1] org.apache.kafka.clients.NetworkClient   : [Producer clientId=user-service-producer-1] Connection to node -1 (localhost/127.0.0.1:9092) could not be established. Node may not be available.
2026-07-21T00:34:41.297+05:30  WARN 25528 --- [user-service] [kafka-producer-network-thread | user-service-producer-1] org.apache.kafka.clients.NetworkClient   : [Producer clientId=user-service-producer-1] Bootstrap broker localhost:9092 (id: -1 rack: null) disconnected
2026-07-21T00:34:42.211+05:30  INFO 25528 --- [user-service] [kafka-producer-network-thread | user-service-producer-1] org.apache.kafka.clients.NetworkClient   : [Producer clientId=user-service-producer-1] Node -1 disconnected.
2026-07-21T00:34:42.212+05:30  WARN 25528 --- [user-service] [kafka-producer-network-thread | user-service-producer-1] org.apache.kafka.clients.NetworkClient   : [Producer clientId=user-service-producer-1] Connection to node -1 (localhost/127.0.0.1:9092) could not be established. Node may not be available.
2026-07-21T00:34:42.212+05:30  WARN 25528 --- [user-service] [kafka-producer-network-thread | user-service-producer-1] org.apache.kafka.clients.NetworkClient   : [Producer clientId=user-service-producer-1] Bootstrap broker localhost:9092 (id: -1 rack: null) disconnected
2026-07-21T00:34:43.071+05:30  INFO 25528 --- [user-service] [kafka-producer-network-thread | user-service-producer-1] org.apache.kafka.clients.NetworkClient   : [Producer clientId=user-service-producer-1] Node -1 disconnected.
2026-07-21T00:34:43.071+05:30  WARN 25528 --- [user-service] [kafka-producer-network-thread | user-service-producer-1] org.apache.kafka.clients.NetworkClient   : [Producer clientId=user-service-producer-1] Connection to node -1 (localhost/127.0.0.1:9092) could not be established. Node may not be available.
2026-07-21T00:34:43.071+05:30  WARN 25528 --- [user-service] [kafka-producer-network-thread | user-service-producer-1] org.apache.kafka.clients.NetworkClient   : [Producer clientId=user-service-producer-1] Bootstrap broker localhost:9092 (id: -1 rack: null) disconnected
2026-07-21T00:34:44.000+05:30  INFO 25528 --- [user-service] [kafka-producer-network-thread | user-service-producer-1] org.apache.kafka.clients.NetworkClient   : [Producer clientId=user-service-producer-1] Node -1 disconnected.
2026-07-21T00:34:44.000+05:30  WARN 25528 --- [user-service] [kafka-producer-network-thread | user-service-producer-1] org.apache.kafka.clients.NetworkClient   : [Producer clientId=user-service-producer-1] Connection to node -1 (localhost/127.0.0.1:9092) could not be established. Node may not be available.
2026-07-21T00:34:44.000+05:30  WARN 25528 --- [user-service] [kafka-producer-network-thread | user-service-producer-1] org.apache.kafka.clients.NetworkClient   : [Producer clientId=user-service-producer-1] Bootstrap broker localhost:9092 (id: -1 rack: null) disconnected
2026-07-21T00:34:45.055+05:30  INFO 25528 --- [user-service] [kafka-producer-network-thread | user-service-producer-1] org.apache.kafka.clients.NetworkClient   : [Producer clientId=user-service-producer-1] Node -1 disconnected.
2026-07-21T00:34:45.056+05:30  WARN 25528 --- [user-service] [kafka-producer-network-thread | user-service-producer-1] org.apache.kafka.clients.NetworkClient   : [Producer clientId=user-service-producer-1] Connection to node -1 (localhost/127.0.0.1:9092) could not be established. Node may not be available.
2026-07-21T00:34:45.056+05:30  WARN 25528 --- [user-service] [kafka-producer-network-thread | user-service-producer-1] org.apache.kafka.clients.NetworkClient   : [Producer clientId=user-service-producer-1] Bootstrap broker localhost:9092 (id: -1 rack: null) disconnected
2026-07-21T00:34:46.047+05:30  INFO 25528 --- [user-service] [kafka-producer-network-thread | user-service-producer-1] org.apache.kafka.clients.NetworkClient   : [Producer clientId=user-service-producer-1] Node -1 disconnected.
2026-07-21T00:34:46.048+05:30  WARN 25528 --- [user-service] [kafka-producer-network-thread | user-service-producer-1] org.apache.kafka.clients.NetworkClient   : [Producer clientId=user-service-producer-1] Connection to node -1 (localhost/127.0.0.1:9092) could not be established. Node may not be available.
2026-07-21T00:34:46.048+05:30  WARN 25528 --- [user-service] [kafka-producer-network-thread | user-service-producer-1] org.apache.kafka.clients.NetworkClient   : [Producer clientId=user-service-producer-1] Bootstrap broker localhost:9092 (id: -1 rack: null) disconnected
2026-07-21T00:34:47.106+05:30  INFO 25528 --- [user-service] [kafka-producer-network-thread | user-service-producer-1] org.apache.kafka.clients.NetworkClient   : [Producer clientId=user-service-producer-1] Node -1 disconnected.
2026-07-21T00:34:47.107+05:30  WARN 25528 --- [user-service] [kafka-producer-network-thread | user-service-producer-1] org.apache.kafka.clients.NetworkClient   : [Producer clientId=user-service-producer-1] Connection to node -1 (localhost/127.0.0.1:9092) could not be established. Node may not be available.
2026-07-21T00:34:47.107+05:30  WARN 25528 --- [user-service] [kafka-producer-network-thread | user-service-producer-1] org.apache.kafka.clients.NetworkClient   : [Producer clientId=user-service-producer-1] Bootstrap broker localhost:9092 (id: -1 rack: null) disconnected
2026-07-21T00:34:48.116+05:30  INFO 25528 --- [user-service] [kafka-producer-network-thread | user-service-producer-1] org.apache.kafka.clients.NetworkClient   : [Producer clientId=user-service-producer-1] Node -1 disconnected.
2026-07-21T00:34:48.117+05:30  WARN 25528 --- [user-service] [kafka-producer-network-thread | user-service-producer-1] org.apache.kafka.clients.NetworkClient   : [Producer clientId=user-service-producer-1] Connection to node -1 (localhost/127.0.0.1:9092) could not be established. Node may not be available.
2026-07-21T00:34:48.117+05:30  WARN 25528 --- [user-service] [kafka-producer-network-thread | user-service-producer-1] org.apache.kafka.clients.NetworkClient   : [Producer clientId=user-service-producer-1] Bootstrap broker localhost:9092 (id: -1 rack: null) disconnected
2026-07-21T00:34:49.178+05:30  INFO 25528 --- [user-service] [kafka-producer-network-thread | user-service-producer-1] org.apache.kafka.clients.NetworkClient   : [Producer clientId=user-service-producer-1] Node -1 disconnected.
2026-07-21T00:34:49.178+05:30  WARN 25528 --- [user-service] [kafka-producer-network-thread | user-service-producer-1] org.apache.kafka.clients.NetworkClient   : [Producer clientId=user-service-producer-1] Connection to node -1 (localhost/127.0.0.1:9092) could not be established. Node may not be available.
2026-07-21T00:34:49.178+05:30  WARN 25528 --- [user-service] [kafka-producer-network-thread | user-service-producer-1] org.apache.kafka.clients.NetworkClient   : [Producer clientId=user-service-producer-1] Bootstrap broker localhost:9092 (id: -1 rack: null) disconnected
2026-07-21T00:34:50.222+05:30  INFO 25528 --- [user-service] [kafka-producer-network-thread | user-service-producer-1] org.apache.kafka.clients.NetworkClient   : [Producer clientId=user-service-producer-1] Node -1 disconnected.
2026-07-21T00:34:50.223+05:30  WARN 25528 --- [user-service] [kafka-producer-network-thread | user-service-producer-1] org.apache.kafka.clients.NetworkClient   : [Producer clientId=user-service-producer-1] Connection to node -1 (localhost/127.0.0.1:9092) could not be established. Node may not be available.
2026-07-21T00:34:50.223+05:30  WARN 25528 --- [user-service] [kafka-producer-network-thread | user-service-producer-1] org.apache.kafka.clients.NetworkClient   : [Producer clientId=user-service-producer-1] Bootstrap broker localhost:9092 (id: -1 rack: null) disconnected
2026-07-21T00:34:51.232+05:30  INFO 25528 --- [user-service] [kafka-producer-network-thread | user-service-producer-1] org.apache.kafka.clients.NetworkClient   : [Producer clientId=user-service-producer-1] Node -1 disconnected.
2026-07-21T00:34:51.232+05:30  WARN 25528 --- [user-service] [kafka-producer-network-thread | user-service-producer-1] org.apache.kafka.clients.NetworkClient   : [Producer clientId=user-service-producer-1] Connection to node -1 (localhost/127.0.0.1:9092) could not be established. Node may not be available.
2026-07-21T00:34:51.232+05:30  WARN 25528 --- [user-service] [kafka-producer-network-thread | user-service-producer-1] org.apache.kafka.clients.NetworkClient   : [Producer clientId=user-service-producer-1] Bootstrap broker localhost:9092 (id: -1 rack: null) disconnected
2026-07-21T00:34:52.240+05:30  INFO 25528 --- [user-service] [kafka-producer-network-thread | user-service-producer-1] org.apache.kafka.clients.NetworkClient   : [Producer clientId=user-service-producer-1] Node -1 disconnected.
2026-07-21T00:34:52.240+05:30  WARN 25528 --- [user-service] [kafka-producer-network-thread | user-service-producer-1] org.apache.kafka.clients.NetworkClient   : [Producer clientId=user-service-producer-1] Connection to node -1 (localhost/127.0.0.1:9092) could not be established. Node may not be available.
2026-07-21T00:34:52.241+05:30  WARN 25528 --- [user-service] [kafka-producer-network-thread | user-service-producer-1] org.apache.kafka.clients.NetworkClient   : [Producer clientId=user-service-producer-1] Bootstrap broker localhost:9092 (id: -1 rack: null) disconnected
2026-07-21T00:34:53.252+05:30  INFO 25528 --- [user-service] [kafka-producer-network-thread | user-service-producer-1] org.apache.kafka.clients.NetworkClient   : [Producer clientId=user-service-producer-1] Node -1 disconnected.
2026-07-21T00:34:53.252+05:30  WARN 25528 --- [user-service] [kafka-producer-network-thread | user-service-producer-1] org.apache.kafka.clients.NetworkClient   : [Producer clientId=user-service-producer-1] Connection to node -1 (localhost/127.0.0.1:9092) could not be established. Node may not be available.
2026-07-21T00:34:53.252+05:30  WARN 25528 --- [user-service] [kafka-producer-network-thread | user-service-producer-1] org.apache.kafka.clients.NetworkClient   : [Producer clientId=user-service-producer-1] Bootstrap broker localhost:9092 (id: -1 rack: null) disconnected
2026-07-21T00:34:54.263+05:30  INFO 25528 --- [user-service] [kafka-producer-network-thread | user-service-producer-1] org.apache.kafka.clients.NetworkClient   : [Producer clientId=user-service-producer-1] Node -1 disconnected.
2026-07-21T00:34:54.263+05:30  WARN 25528 --- [user-service] [kafka-producer-network-thread | user-service-producer-1] org.apache.kafka.clients.NetworkClient   : [Producer clientId=user-service-producer-1] Connection to node -1 (localhost/127.0.0.1:9092) could not be established. Node may not be available.
2026-07-21T00:34:54.263+05:30  WARN 25528 --- [user-service] [kafka-producer-network-thread | user-service-producer-1] org.apache.kafka.clients.NetworkClient   : [Producer clientId=user-service-producer-1] Bootstrap broker localhost:9092 (id: -1 rack: null) disconnected
2026-07-21T00:34:55.117+05:30  INFO 25528 --- [user-service] [kafka-producer-network-thread | user-service-producer-1] org.apache.kafka.clients.NetworkClient   : [Producer clientId=user-service-producer-1] Node -1 disconnected.
2026-07-21T00:34:55.118+05:30  WARN 25528 --- [user-service] [kafka-producer-network-thread | user-service-producer-1] org.apache.kafka.clients.NetworkClient   : [Producer clientId=user-service-producer-1] Connection to node -1 (localhost/127.0.0.1:9092) could not be established. Node may not be available.
2026-07-21T00:34:55.118+05:30  WARN 25528 --- [user-service] [kafka-producer-network-thread | user-service-producer-1] org.apache.kafka.clients.NetworkClient   : [Producer clientId=user-service-producer-1] Bootstrap broker localhost:9092 (id: -1 rack: null) disconnected
2026-07-21T00:34:56.022+05:30  INFO 25528 --- [user-service] [kafka-producer-network-thread | user-service-producer-1] org.apache.kafka.clients.NetworkClient   : [Producer clientId=user-service-producer-1] Node -1 disconnected.
2026-07-21T00:34:56.022+05:30  WARN 25528 --- [user-service] [kafka-producer-network-thread | user-service-producer-1] org.apache.kafka.clients.NetworkClient   : [Producer clientId=user-service-producer-1] Connection to node -1 (localhost/127.0.0.1:9092) could not be established. Node may not be available.
2026-07-21T00:34:56.022+05:30  WARN 25528 --- [user-service] [kafka-producer-network-thread | user-service-producer-1] org.apache.kafka.clients.NetworkClient   : [Producer clientId=user-service-producer-1] Bootstrap broker localhost:9092 (id: -1 rack: null) disconnected
2026-07-21T00:34:57.062+05:30  INFO 25528 --- [user-service] [kafka-producer-network-thread | user-service-producer-1] org.apache.kafka.clients.NetworkClient   : [Producer clientId=user-service-producer-1] Node -1 disconnected.
2026-07-21T00:34:57.063+05:30  WARN 25528 --- [user-service] [kafka-producer-network-thread | user-service-producer-1] org.apache.kafka.clients.NetworkClient   : [Producer clientId=user-service-producer-1] Connection to node -1 (localhost/127.0.0.1:9092) could not be established. Node may not be available.
2026-07-21T00:34:57.063+05:30  WARN 25528 --- [user-service] [kafka-producer-network-thread | user-service-producer-1] org.apache.kafka.clients.NetworkClient   : [Producer clientId=user-service-producer-1] Bootstrap broker localhost:9092 (id: -1 rack: null) disconnected
2026-07-21T00:34:57.977+05:30  INFO 25528 --- [user-service] [kafka-producer-network-thread | user-service-producer-1] org.apache.kafka.clients.NetworkClient   : [Producer clientId=user-service-producer-1] Node -1 disconnected.
2026-07-21T00:34:57.977+05:30  WARN 25528 --- [user-service] [kafka-producer-network-thread | user-service-producer-1] org.apache.kafka.clients.NetworkClient   : [Producer clientId=user-service-producer-1] Connection to node -1 (localhost/127.0.0.1:9092) could not be established. Node may not be available.
2026-07-21T00:34:57.977+05:30  WARN 25528 --- [user-service] [kafka-producer-network-thread | user-service-producer-1] org.apache.kafka.clients.NetworkClient   : [Producer clientId=user-service-producer-1] Bootstrap broker localhost:9092 (id: -1 rack: null) disconnected
2026-07-21T00:34:59.016+05:30  INFO 25528 --- [user-service] [kafka-producer-network-thread | user-service-producer-1] org.apache.kafka.clients.NetworkClient   : [Producer clientId=user-service-producer-1] Node -1 disconnected.
2026-07-21T00:34:59.016+05:30  WARN 25528 --- [user-service] [kafka-producer-network-thread | user-service-producer-1] org.apache.kafka.clients.NetworkClient   : [Producer clientId=user-service-producer-1] Connection to node -1 (localhost/127.0.0.1:9092) could not be established. Node may not be available.
2026-07-21T00:34:59.016+05:30  WARN 25528 --- [user-service] [kafka-producer-network-thread | user-service-producer-1] org.apache.kafka.clients.NetworkClient   : [Producer clientId=user-service-producer-1] Bootstrap broker localhost:9092 (id: -1 rack: null) disconnected
2026-07-21T00:35:00.045+05:30  INFO 25528 --- [user-service] [kafka-producer-network-thread | user-service-producer-1] org.apache.kafka.clients.NetworkClient   : [Producer clientId=user-service-producer-1] Node -1 disconnected.
2026-07-21T00:35:00.045+05:30  WARN 25528 --- [user-service] [kafka-producer-network-thread | user-service-producer-1] org.apache.kafka.clients.NetworkClient   : [Producer clientId=user-service-producer-1] Connection to node -1 (localhost/127.0.0.1:9092) could not be established. Node may not be available.
2026-07-21T00:35:00.045+05:30  WARN 25528 --- [user-service] [kafka-producer-network-thread | user-service-producer-1] org.apache.kafka.clients.NetworkClient   : [Producer clientId=user-service-producer-1] Bootstrap broker localhost:9092 (id: -1 rack: null) disconnected
2026-07-21T00:35:00.904+05:30  INFO 25528 --- [user-service] [kafka-producer-network-thread | user-service-producer-1] org.apache.kafka.clients.NetworkClient   : [Producer clientId=user-service-producer-1] Node -1 disconnected.
2026-07-21T00:35:00.904+05:30  WARN 25528 --- [user-service] [kafka-producer-network-thread | user-service-producer-1] org.apache.kafka.clients.NetworkClient   : [Producer clientId=user-service-producer-1] Connection to node -1 (localhost/127.0.0.1:9092) could not be established. Node may not be available.
2026-07-21T00:35:00.904+05:30  WARN 25528 --- [user-service] [kafka-producer-network-thread | user-service-producer-1] org.apache.kafka.clients.NetworkClient   : [Producer clientId=user-service-producer-1] Bootstrap broker localhost:9092 (id: -1 rack: null) disconnected
2026-07-21T00:35:01.951+05:30  INFO 25528 --- [user-service] [kafka-producer-network-thread | user-service-producer-1] org.apache.kafka.clients.NetworkClient   : [Producer clientId=user-service-producer-1] Node -1 disconnected.
2026-07-21T00:35:01.951+05:30  WARN 25528 --- [user-service] [kafka-producer-network-thread | user-service-producer-1] org.apache.kafka.clients.NetworkClient   : [Producer clientId=user-service-producer-1] Connection to node -1 (localhost/127.0.0.1:9092) could not be established. Node may not be available.
2026-07-21T00:35:01.951+05:30  WARN 25528 --- [user-service] [kafka-producer-network-thread | user-service-producer-1] org.apache.kafka.clients.NetworkClient   : [Producer clientId=user-service-producer-1] Bootstrap broker localhost:9092 (id: -1 rack: null) disconnected
2026-07-21T00:35:02.883+05:30  INFO 25528 --- [user-service] [kafka-producer-network-thread | user-service-producer-1] org.apache.kafka.clients.NetworkClient   : [Producer clientId=user-service-producer-1] Node -1 disconnected.
2026-07-21T00:35:02.883+05:30  WARN 25528 --- [user-service] [kafka-producer-network-thread | user-service-producer-1] org.apache.kafka.clients.NetworkClient   : [Producer clientId=user-service-producer-1] Connection to node -1 (localhost/127.0.0.1:9092) could not be established. Node may not be available.
2026-07-21T00:35:02.883+05:30  WARN 25528 --- [user-service] [kafka-producer-network-thread | user-service-producer-1] org.apache.kafka.clients.NetworkClient   : [Producer clientId=user-service-producer-1] Bootstrap broker localhost:9092 (id: -1 rack: null) disconnected
2026-07-21T00:35:03.865+05:30  INFO 25528 --- [user-service] [kafka-producer-network-thread | user-service-producer-1] org.apache.kafka.clients.NetworkClient   : [Producer clientId=user-service-producer-1] Node -1 disconnected.
2026-07-21T00:35:03.865+05:30  WARN 25528 --- [user-service] [kafka-producer-network-thread | user-service-producer-1] org.apache.kafka.clients.NetworkClient   : [Producer clientId=user-service-producer-1] Connection to node -1 (localhost/127.0.0.1:9092) could not be established. Node may not be available.
2026-07-21T00:35:03.865+05:30  WARN 25528 --- [user-service] [kafka-producer-network-thread | user-service-producer-1] org.apache.kafka.clients.NetworkClient   : [Producer clientId=user-service-producer-1] Bootstrap broker localhost:9092 (id: -1 rack: null) disconnected
2026-07-21T00:35:04.798+05:30  INFO 25528 --- [user-service] [kafka-producer-network-thread | user-service-producer-1] org.apache.kafka.clients.NetworkClient   : [Producer clientId=user-service-producer-1] Node -1 disconnected.
2026-07-21T00:35:04.798+05:30  WARN 25528 --- [user-service] [kafka-producer-network-thread | user-service-producer-1] org.apache.kafka.clients.NetworkClient   : [Producer clientId=user-service-producer-1] Connection to node -1 (localhost/127.0.0.1:9092) could not be established. Node may not be available.
2026-07-21T00:35:04.798+05:30  WARN 25528 --- [user-service] [kafka-producer-network-thread | user-service-producer-1] org.apache.kafka.clients.NetworkClient   : [Producer clientId=user-service-producer-1] Bootstrap broker localhost:9092 (id: -1 rack: null) disconnected
2026-07-21T00:35:05.842+05:30  INFO 25528 --- [user-service] [kafka-producer-network-thread | user-service-producer-1] org.apache.kafka.clients.NetworkClient   : [Producer clientId=user-service-producer-1] Node -1 disconnected.
2026-07-21T00:35:05.843+05:30  WARN 25528 --- [user-service] [kafka-producer-network-thread | user-service-producer-1] org.apache.kafka.clients.NetworkClient   : [Producer clientId=user-service-producer-1] Connection to node -1 (localhost/127.0.0.1:9092) could not be established. Node may not be available.
2026-07-21T00:35:05.843+05:30  WARN 25528 --- [user-service] [kafka-producer-network-thread | user-service-producer-1] org.apache.kafka.clients.NetworkClient   : [Producer clientId=user-service-producer-1] Bootstrap broker localhost:9092 (id: -1 rack: null) disconnected
2026-07-21T00:35:06.806+05:30  INFO 25528 --- [user-service] [kafka-producer-network-thread | user-service-producer-1] org.apache.kafka.clients.NetworkClient   : [Producer clientId=user-service-producer-1] Node -1 disconnected.
2026-07-21T00:35:06.806+05:30  WARN 25528 --- [user-service] [kafka-producer-network-thread | user-service-producer-1] org.apache.kafka.clients.NetworkClient   : [Producer clientId=user-service-producer-1] Connection to node -1 (localhost/127.0.0.1:9092) could not be established. Node may not be available.
2026-07-21T00:35:06.806+05:30  WARN 25528 --- [user-service] [kafka-producer-network-thread | user-service-producer-1] org.apache.kafka.clients.NetworkClient   : [Producer clientId=user-service-producer-1] Bootstrap broker localhost:9092 (id: -1 rack: null) disconnected
2026-07-21T00:35:07.816+05:30  INFO 25528 --- [user-service] [kafka-producer-network-thread | user-service-producer-1] org.apache.kafka.clients.NetworkClient   : [Producer clientId=user-service-producer-1] Node -1 disconnected.
2026-07-21T00:35:07.816+05:30  WARN 25528 --- [user-service] [kafka-producer-network-thread | user-service-producer-1] org.apache.kafka.clients.NetworkClient   : [Producer clientId=user-service-producer-1] Connection to node -1 (localhost/127.0.0.1:9092) could not be established. Node may not be available.
2026-07-21T00:35:07.816+05:30  WARN 25528 --- [user-service] [kafka-producer-network-thread | user-service-producer-1] org.apache.kafka.clients.NetworkClient   : [Producer clientId=user-service-producer-1] Bootstrap broker localhost:9092 (id: -1 rack: null) disconnected
2026-07-21T00:35:08.673+05:30  INFO 25528 --- [user-service] [kafka-producer-network-thread | user-service-producer-1] org.apache.kafka.clients.NetworkClient   : [Producer clientId=user-service-producer-1] Node -1 disconnected.
2026-07-21T00:35:08.673+05:30  WARN 25528 --- [user-service] [kafka-producer-network-thread | user-service-producer-1] org.apache.kafka.clients.NetworkClient   : [Producer clientId=user-service-producer-1] Connection to node -1 (localhost/127.0.0.1:9092) could not be established. Node may not be available.
2026-07-21T00:35:08.673+05:30  WARN 25528 --- [user-service] [kafka-producer-network-thread | user-service-producer-1] org.apache.kafka.clients.NetworkClient   : [Producer clientId=user-service-producer-1] Bootstrap broker localhost:9092 (id: -1 rack: null) disconnected
2026-07-21T00:35:09.637+05:30  INFO 25528 --- [user-service] [kafka-producer-network-thread | user-service-producer-1] org.apache.kafka.clients.NetworkClient   : [Producer clientId=user-service-producer-1] Node -1 disconnected.
2026-07-21T00:35:09.638+05:30  WARN 25528 --- [user-service] [kafka-producer-network-thread | user-service-producer-1] org.apache.kafka.clients.NetworkClient   : [Producer clientId=user-service-producer-1] Connection to node -1 (localhost/127.0.0.1:9092) could not be established. Node may not be available.
2026-07-21T00:35:09.638+05:30  WARN 25528 --- [user-service] [kafka-producer-network-thread | user-service-producer-1] org.apache.kafka.clients.NetworkClient   : [Producer clientId=user-service-producer-1] Bootstrap broker localhost:9092 (id: -1 rack: null) disconnected
2026-07-21T00:35:10.466+05:30  INFO 25528 --- [user-service] [kafka-producer-network-thread | user-service-producer-1] org.apache.kafka.clients.NetworkClient   : [Producer clientId=user-service-producer-1] Node -1 disconnected.
2026-07-21T00:35:10.467+05:30  WARN 25528 --- [user-service] [kafka-producer-network-thread | user-service-producer-1] org.apache.kafka.clients.NetworkClient   : [Producer clientId=user-service-producer-1] Connection to node -1 (localhost/127.0.0.1:9092) could not be established. Node may not be available.
2026-07-21T00:35:10.467+05:30  WARN 25528 --- [user-service] [kafka-producer-network-thread | user-service-producer-1] org.apache.kafka.clients.NetworkClient   : [Producer clientId=user-service-producer-1] Bootstrap broker localhost:9092 (id: -1 rack: null) disconnected
2026-07-21T00:35:11.319+05:30  INFO 25528 --- [user-service] [kafka-producer-network-thread | user-service-producer-1] org.apache.kafka.clients.NetworkClient   : [Producer clientId=user-service-producer-1] Node -1 disconnected.
2026-07-21T00:35:11.319+05:30  WARN 25528 --- [user-service] [kafka-producer-network-thread | user-service-producer-1] org.apache.kafka.clients.NetworkClient   : [Producer clientId=user-service-producer-1] Connection to node -1 (localhost/127.0.0.1:9092) could not be established. Node may not be available.
2026-07-21T00:35:11.319+05:30  WARN 25528 --- [user-service] [kafka-producer-network-thread | user-service-producer-1] org.apache.kafka.clients.NetworkClient   : [Producer clientId=user-service-producer-1] Bootstrap broker localhost:9092 (id: -1 rack: null) disconnected
2026-07-21T00:35:12.237+05:30  INFO 25528 --- [user-service] [kafka-producer-network-thread | user-service-producer-1] org.apache.kafka.clients.NetworkClient   : [Producer clientId=user-service-producer-1] Node -1 disconnected.
2026-07-21T00:35:12.237+05:30  WARN 25528 --- [user-service] [kafka-producer-network-thread | user-service-producer-1] org.apache.kafka.clients.NetworkClient   : [Producer clientId=user-service-producer-1] Connection to node -1 (localhost/127.0.0.1:9092) could not be established. Node may not be available.
2026-07-21T00:35:12.237+05:30  WARN 25528 --- [user-service] [kafka-producer-network-thread | user-service-producer-1] org.apache.kafka.clients.NetworkClient   : [Producer clientId=user-service-producer-1] Bootstrap broker localhost:9092 (id: -1 rack: null) disconnected
2026-07-21T00:35:13.287+05:30  INFO 25528 --- [user-service] [kafka-producer-network-thread | user-service-producer-1] org.apache.kafka.clients.NetworkClient   : [Producer clientId=user-service-producer-1] Node -1 disconnected.
2026-07-21T00:35:13.288+05:30  WARN 25528 --- [user-service] [kafka-producer-network-thread | user-service-producer-1] org.apache.kafka.clients.NetworkClient   : [Producer clientId=user-service-producer-1] Connection to node -1 (localhost/127.0.0.1:9092) could not be established. Node may not be available.
2026-07-21T00:35:13.288+05:30  WARN 25528 --- [user-service] [kafka-producer-network-thread | user-service-producer-1] org.apache.kafka.clients.NetworkClient   : [Producer clientId=user-service-producer-1] Bootstrap broker localhost:9092 (id: -1 rack: null) disconnected
2026-07-21T00:35:14.275+05:30  INFO 25528 --- [user-service] [kafka-producer-network-thread | user-service-producer-1] org.apache.kafka.clients.NetworkClient   : [Producer clientId=user-service-producer-1] Node -1 disconnected.
2026-07-21T00:35:14.275+05:30  WARN 25528 --- [user-service] [kafka-producer-network-thread | user-service-producer-1] org.apache.kafka.clients.NetworkClient   : [Producer clientId=user-service-producer-1] Connection to node -1 (localhost/127.0.0.1:9092) could not be established. Node may not be available.
2026-07-21T00:35:14.275+05:30  WARN 25528 --- [user-service] [kafka-producer-network-thread | user-service-producer-1] org.apache.kafka.clients.NetworkClient   : [Producer clientId=user-service-producer-1] Bootstrap broker localhost:9092 (id: -1 rack: null) disconnected
2026-07-21T00:35:15.190+05:30  INFO 25528 --- [user-service] [kafka-producer-network-thread | user-service-producer-1] org.apache.kafka.clients.NetworkClient   : [Producer clientId=user-service-producer-1] Node -1 disconnected.
2026-07-21T00:35:15.191+05:30  WARN 25528 --- [user-service] [kafka-producer-network-thread | user-service-producer-1] org.apache.kafka.clients.NetworkClient   : [Producer clientId=user-service-producer-1] Connection to node -1 (localhost/127.0.0.1:9092) could not be established. Node may not be available.
2026-07-21T00:35:15.191+05:30  WARN 25528 --- [user-service] [kafka-producer-network-thread | user-service-producer-1] org.apache.kafka.clients.NetworkClient   : [Producer clientId=user-service-producer-1] Bootstrap broker localhost:9092 (id: -1 rack: null) disconnected
2026-07-21T00:35:16.205+05:30  INFO 25528 --- [user-service] [kafka-producer-network-thread | user-service-producer-1] org.apache.kafka.clients.NetworkClient   : [Producer clientId=user-service-producer-1] Node -1 disconnected.
2026-07-21T00:35:16.206+05:30  WARN 25528 --- [user-service] [kafka-producer-network-thread | user-service-producer-1] org.apache.kafka.clients.NetworkClient   : [Producer clientId=user-service-producer-1] Connection to node -1 (localhost/127.0.0.1:9092) could not be established. Node may not be available.
2026-07-21T00:35:16.206+05:30  WARN 25528 --- [user-service] [kafka-producer-network-thread | user-service-producer-1] org.apache.kafka.clients.NetworkClient   : [Producer clientId=user-service-producer-1] Bootstrap broker localhost:9092 (id: -1 rack: null) disconnected
2026-07-21T00:35:17.218+05:30  INFO 25528 --- [user-service] [kafka-producer-network-thread | user-service-producer-1] org.apache.kafka.clients.NetworkClient   : [Producer clientId=user-service-producer-1] Node -1 disconnected.
2026-07-21T00:35:17.218+05:30  WARN 25528 --- [user-service] [kafka-producer-network-thread | user-service-producer-1] org.apache.kafka.clients.NetworkClient   : [Producer clientId=user-service-producer-1] Connection to node -1 (localhost/127.0.0.1:9092) could not be established. Node may not be available.
2026-07-21T00:35:17.218+05:30  WARN 25528 --- [user-service] [kafka-producer-network-thread | user-service-producer-1] org.apache.kafka.clients.NetworkClient   : [Producer clientId=user-service-producer-1] Bootstrap broker localhost:9092 (id: -1 rack: null) disconnected
2026-07-21T00:35:18.231+05:30  INFO 25528 --- [user-service] [kafka-producer-network-thread | user-service-producer-1] org.apache.kafka.clients.NetworkClient   : [Producer clientId=user-service-producer-1] Node -1 disconnected.
2026-07-21T00:35:18.231+05:30  WARN 25528 --- [user-service] [kafka-producer-network-thread | user-service-producer-1] org.apache.kafka.clients.NetworkClient   : [Producer clientId=user-service-producer-1] Connection to node -1 (localhost/127.0.0.1:9092) could not be established. Node may not be available.
2026-07-21T00:35:18.231+05:30  WARN 25528 --- [user-service] [kafka-producer-network-thread | user-service-producer-1] org.apache.kafka.clients.NetworkClient   : [Producer clientId=user-service-producer-1] Bootstrap broker localhost:9092 (id: -1 rack: null) disconnected
2026-07-21T00:35:19.250+05:30  INFO 25528 --- [user-service] [kafka-producer-network-thread | user-service-producer-1] org.apache.kafka.clients.NetworkClient   : [Producer clientId=user-service-producer-1] Node -1 disconnected.
2026-07-21T00:35:19.250+05:30  WARN 25528 --- [user-service] [kafka-producer-network-thread | user-service-producer-1] org.apache.kafka.clients.NetworkClient   : [Producer clientId=user-service-producer-1] Connection to node -1 (localhost/127.0.0.1:9092) could not be established. Node may not be available.
2026-07-21T00:35:19.250+05:30  WARN 25528 --- [user-service] [kafka-producer-network-thread | user-service-producer-1] org.apache.kafka.clients.NetworkClient   : [Producer clientId=user-service-producer-1] Bootstrap broker localhost:9092 (id: -1 rack: null) disconnected
2026-07-21T00:35:20.141+05:30  INFO 25528 --- [user-service] [kafka-producer-network-thread | user-service-producer-1] org.apache.kafka.clients.NetworkClient   : [Producer clientId=user-service-producer-1] Node -1 disconnected.
2026-07-21T00:35:20.141+05:30  WARN 25528 --- [user-service] [kafka-producer-network-thread | user-service-producer-1] org.apache.kafka.clients.NetworkClient   : [Producer clientId=user-service-producer-1] Connection to node -1 (localhost/127.0.0.1:9092) could not be established. Node may not be available.
2026-07-21T00:35:20.141+05:30  WARN 25528 --- [user-service] [kafka-producer-network-thread | user-service-producer-1] org.apache.kafka.clients.NetworkClient   : [Producer clientId=user-service-producer-1] Bootstrap broker localhost:9092 (id: -1 rack: null) disconnected
2026-07-21T00:35:21.153+05:30  INFO 25528 --- [user-service] [kafka-producer-network-thread | user-service-producer-1] org.apache.kafka.clients.NetworkClient   : [Producer clientId=user-service-producer-1] Node -1 disconnected.
2026-07-21T00:35:21.153+05:30  WARN 25528 --- [user-service] [kafka-producer-network-thread | user-service-producer-1] org.apache.kafka.clients.NetworkClient   : [Producer clientId=user-service-producer-1] Connection to node -1 (localhost/127.0.0.1:9092) could not be established. Node may not be available.
2026-07-21T00:35:21.153+05:30  WARN 25528 --- [user-service] [kafka-producer-network-thread | user-service-producer-1] org.apache.kafka.clients.NetworkClient   : [Producer clientId=user-service-producer-1] Bootstrap broker localhost:9092 (id: -1 rack: null) disconnected
2026-07-21T00:35:22.160+05:30  INFO 25528 --- [user-service] [kafka-producer-network-thread | user-service-producer-1] org.apache.kafka.clients.NetworkClient   : [Producer clientId=user-service-producer-1] Node -1 disconnected.
2026-07-21T00:35:22.160+05:30  WARN 25528 --- [user-service] [kafka-producer-network-thread | user-service-producer-1] org.apache.kafka.clients.NetworkClient   : [Producer clientId=user-service-producer-1] Connection to node -1 (localhost/127.0.0.1:9092) could not be established. Node may not be available.
2026-07-21T00:35:22.160+05:30  WARN 25528 --- [user-service] [kafka-producer-network-thread | user-service-producer-1] org.apache.kafka.clients.NetworkClient   : [Producer clientId=user-service-producer-1] Bootstrap broker localhost:9092 (id: -1 rack: null) disconnected
2026-07-21T00:35:23.041+05:30  INFO 25528 --- [user-service] [kafka-producer-network-thread | user-service-producer-1] org.apache.kafka.clients.NetworkClient   : [Producer clientId=user-service-producer-1] Node -1 disconnected.
2026-07-21T00:35:23.041+05:30  WARN 25528 --- [user-service] [kafka-producer-network-thread | user-service-producer-1] org.apache.kafka.clients.NetworkClient   : [Producer clientId=user-service-producer-1] Connection to node -1 (localhost/127.0.0.1:9092) could not be established. Node may not be available.
2026-07-21T00:35:23.041+05:30  WARN 25528 --- [user-service] [kafka-producer-network-thread | user-service-producer-1] org.apache.kafka.clients.NetworkClient   : [Producer clientId=user-service-producer-1] Bootstrap broker localhost:9092 (id: -1 rack: null) disconnected
2026-07-21T00:35:24.045+05:30  INFO 25528 --- [user-service] [kafka-producer-network-thread | user-service-producer-1] org.apache.kafka.clients.NetworkClient   : [Producer clientId=user-service-producer-1] Node -1 disconnected.
2026-07-21T00:35:24.045+05:30  WARN 25528 --- [user-service] [kafka-producer-network-thread | user-service-producer-1] org.apache.kafka.clients.NetworkClient   : [Producer clientId=user-service-producer-1] Connection to node -1 (localhost/127.0.0.1:9092) could not be established. Node may not be available.
2026-07-21T00:35:24.045+05:30  WARN 25528 --- [user-service] [kafka-producer-network-thread | user-service-producer-1] org.apache.kafka.clients.NetworkClient   : [Producer clientId=user-service-producer-1] Bootstrap broker localhost:9092 (id: -1 rack: null) disconnected
2026-07-21T00:35:25.069+05:30  INFO 25528 --- [user-service] [kafka-producer-network-thread | user-service-producer-1] org.apache.kafka.clients.NetworkClient   : [Producer clientId=user-service-producer-1] Node -1 disconnected.
2026-07-21T00:35:25.069+05:30  WARN 25528 --- [user-service] [kafka-producer-network-thread | user-service-producer-1] org.apache.kafka.clients.NetworkClient   : [Producer clientId=user-service-producer-1] Connection to node -1 (localhost/127.0.0.1:9092) could not be established. Node may not be available.
2026-07-21T00:35:25.069+05:30  WARN 25528 --- [user-service] [kafka-producer-network-thread | user-service-producer-1] org.apache.kafka.clients.NetworkClient   : [Producer clientId=user-service-producer-1] Bootstrap broker localhost:9092 (id: -1 rack: null) disconnected
2026-07-21T00:35:26.035+05:30  INFO 25528 --- [user-service] [kafka-producer-network-thread | user-service-producer-1] org.apache.kafka.clients.NetworkClient   : [Producer clientId=user-service-producer-1] Node -1 disconnected.
2026-07-21T00:35:26.035+05:30  WARN 25528 --- [user-service] [kafka-producer-network-thread | user-service-producer-1] org.apache.kafka.clients.NetworkClient   : [Producer clientId=user-service-producer-1] Connection to node -1 (localhost/127.0.0.1:9092) could not be established. Node may not be available.
2026-07-21T00:35:26.035+05:30  WARN 25528 --- [user-service] [kafka-producer-network-thread | user-service-producer-1] org.apache.kafka.clients.NetworkClient   : [Producer clientId=user-service-producer-1] Bootstrap broker localhost:9092 (id: -1 rack: null) disconnected
2026-07-21T00:35:27.038+05:30  INFO 25528 --- [user-service] [kafka-producer-network-thread | user-service-producer-1] org.apache.kafka.clients.NetworkClient   : [Producer clientId=user-service-producer-1] Node -1 disconnected.
2026-07-21T00:35:27.038+05:30  WARN 25528 --- [user-service] [kafka-producer-network-thread | user-service-producer-1] org.apache.kafka.clients.NetworkClient   : [Producer clientId=user-service-producer-1] Connection to node -1 (localhost/127.0.0.1:9092) could not be established. Node may not be available.
2026-07-21T00:35:27.038+05:30  WARN 25528 --- [user-service] [kafka-producer-network-thread | user-service-producer-1] org.apache.kafka.clients.NetworkClient   : [Producer clientId=user-service-producer-1] Bootstrap broker localhost:9092 (id: -1 rack: null) disconnected
2026-07-21T00:35:28.046+05:30  INFO 25528 --- [user-service] [kafka-producer-network-thread | user-service-producer-1] org.apache.kafka.clients.NetworkClient   : [Producer clientId=user-service-producer-1] Node -1 disconnected.
2026-07-21T00:35:28.046+05:30  WARN 25528 --- [user-service] [kafka-producer-network-thread | user-service-producer-1] org.apache.kafka.clients.NetworkClient   : [Producer clientId=user-service-producer-1] Connection to node -1 (localhost/127.0.0.1:9092) could not be established. Node may not be available.
2026-07-21T00:35:28.046+05:30  WARN 25528 --- [user-service] [kafka-producer-network-thread | user-service-producer-1] org.apache.kafka.clients.NetworkClient   : [Producer clientId=user-service-producer-1] Bootstrap broker localhost:9092 (id: -1 rack: null) disconnected
2026-07-21T00:35:29.005+05:30  INFO 25528 --- [user-service] [kafka-producer-network-thread | user-service-producer-1] org.apache.kafka.clients.NetworkClient   : [Producer clientId=user-service-producer-1] Node -1 disconnected.
2026-07-21T00:35:29.005+05:30  WARN 25528 --- [user-service] [kafka-producer-network-thread | user-service-producer-1] org.apache.kafka.clients.NetworkClient   : [Producer clientId=user-service-producer-1] Connection to node -1 (localhost/127.0.0.1:9092) could not be established. Node may not be available.
2026-07-21T00:35:29.005+05:30  WARN 25528 --- [user-service] [kafka-producer-network-thread | user-service-producer-1] org.apache.kafka.clients.NetworkClient   : [Producer clientId=user-service-producer-1] Bootstrap broker localhost:9092 (id: -1 rack: null) disconnected
2026-07-21T00:35:29.999+05:30  INFO 25528 --- [user-service] [kafka-producer-network-thread | user-service-producer-1] org.apache.kafka.clients.NetworkClient   : [Producer clientId=user-service-producer-1] Node -1 disconnected.
2026-07-21T00:35:29.999+05:30  WARN 25528 --- [user-service] [kafka-producer-network-thread | user-service-producer-1] org.apache.kafka.clients.NetworkClient   : [Producer clientId=user-service-producer-1] Connection to node -1 (localhost/127.0.0.1:9092) could not be established. Node may not be available.
2026-07-21T00:35:29.999+05:30  WARN 25528 --- [user-service] [kafka-producer-network-thread | user-service-producer-1] org.apache.kafka.clients.NetworkClient   : [Producer clientId=user-service-producer-1] Bootstrap broker localhost:9092 (id: -1 rack: null) disconnected
2026-07-21T00:35:30.812+05:30  INFO 25528 --- [user-service] [kafka-producer-network-thread | user-service-producer-1] org.apache.kafka.clients.NetworkClient   : [Producer clientId=user-service-producer-1] Node -1 disconnected.
2026-07-21T00:35:30.812+05:30  WARN 25528 --- [user-service] [kafka-producer-network-thread | user-service-producer-1] org.apache.kafka.clients.NetworkClient   : [Producer clientId=user-service-producer-1] Connection to node -1 (localhost/127.0.0.1:9092) could not be established. Node may not be available.
2026-07-21T00:35:30.812+05:30  WARN 25528 --- [user-service] [kafka-producer-network-thread | user-service-producer-1] org.apache.kafka.clients.NetworkClient   : [Producer clientId=user-service-producer-1] Bootstrap broker localhost:9092 (id: -1 rack: null) disconnected
2026-07-21T00:35:31.818+05:30  INFO 25528 --- [user-service] [kafka-producer-network-thread | user-service-producer-1] org.apache.kafka.clients.NetworkClient   : [Producer clientId=user-service-producer-1] Node -1 disconnected.
2026-07-21T00:35:31.818+05:30  WARN 25528 --- [user-service] [kafka-producer-network-thread | user-service-producer-1] org.apache.kafka.clients.NetworkClient   : [Producer clientId=user-service-producer-1] Connection to node -1 (localhost/127.0.0.1:9092) could not be established. Node may not be available.
2026-07-21T00:35:31.818+05:30  WARN 25528 --- [user-service] [kafka-producer-network-thread | user-service-producer-1] org.apache.kafka.clients.NetworkClient   : [Producer clientId=user-service-producer-1] Bootstrap broker localhost:9092 (id: -1 rack: null) disconnected
2026-07-21T00:35:32.698+05:30  INFO 25528 --- [user-service] [kafka-producer-network-thread | user-service-producer-1] org.apache.kafka.clients.NetworkClient   : [Producer clientId=user-service-producer-1] Node -1 disconnected.
2026-07-21T00:35:32.698+05:30  WARN 25528 --- [user-service] [kafka-producer-network-thread | user-service-producer-1] org.apache.kafka.clients.NetworkClient   : [Producer clientId=user-service-producer-1] Connection to node -1 (localhost/127.0.0.1:9092) could not be established. Node may not be available.
2026-07-21T00:35:32.698+05:30  WARN 25528 --- [user-service] [kafka-producer-network-thread | user-service-producer-1] org.apache.kafka.clients.NetworkClient   : [Producer clientId=user-service-producer-1] Bootstrap broker localhost:9092 (id: -1 rack: null) disconnected
2026-07-21T00:35:33.704+05:30  INFO 25528 --- [user-service] [kafka-producer-network-thread | user-service-producer-1] org.apache.kafka.clients.NetworkClient   : [Producer clientId=user-service-producer-1] Node -1 disconnected.
2026-07-21T00:35:33.704+05:30  WARN 25528 --- [user-service] [kafka-producer-network-thread | user-service-producer-1] org.apache.kafka.clients.NetworkClient   : [Producer clientId=user-service-producer-1] Connection to node -1 (localhost/127.0.0.1:9092) could not be established. Node may not be available.
2026-07-21T00:35:33.704+05:30  WARN 25528 --- [user-service] [kafka-producer-network-thread | user-service-producer-1] org.apache.kafka.clients.NetworkClient   : [Producer clientId=user-service-producer-1] Bootstrap broker localhost:9092 (id: -1 rack: null) disconnected
2026-07-21T00:35:34.712+05:30  INFO 25528 --- [user-service] [kafka-producer-network-thread | user-service-producer-1] org.apache.kafka.clients.NetworkClient   : [Producer clientId=user-service-producer-1] Node -1 disconnected.
2026-07-21T00:35:34.712+05:30  WARN 25528 --- [user-service] [kafka-producer-network-thread | user-service-producer-1] org.apache.kafka.clients.NetworkClient   : [Producer clientId=user-service-producer-1] Connection to node -1 (localhost/127.0.0.1:9092) could not be established. Node may not be available.
2026-07-21T00:35:34.712+05:30  WARN 25528 --- [user-service] [kafka-producer-network-thread | user-service-producer-1] org.apache.kafka.clients.NetworkClient   : [Producer clientId=user-service-producer-1] Bootstrap broker localhost:9092 (id: -1 rack: null) disconnected
2026-07-21T00:35:35.712+05:30  INFO 25528 --- [user-service] [kafka-producer-network-thread | user-service-producer-1] org.apache.kafka.clients.NetworkClient   : [Producer clientId=user-service-producer-1] Node -1 disconnected.
2026-07-21T00:35:35.712+05:30  WARN 25528 --- [user-service] [kafka-producer-network-thread | user-service-producer-1] org.apache.kafka.clients.NetworkClient   : [Producer clientId=user-service-producer-1] Connection to node -1 (localhost/127.0.0.1:9092) could not be established. Node may not be available.
2026-07-21T00:35:35.712+05:30  WARN 25528 --- [user-service] [kafka-producer-network-thread | user-service-producer-1] org.apache.kafka.clients.NetworkClient   : [Producer clientId=user-service-producer-1] Bootstrap broker localhost:9092 (id: -1 rack: null) disconnected
2026-07-21T00:35:36.719+05:30  INFO 25528 --- [user-service] [kafka-producer-network-thread | user-service-producer-1] org.apache.kafka.clients.NetworkClient   : [Producer clientId=user-service-producer-1] Node -1 disconnected.
2026-07-21T00:35:36.719+05:30  WARN 25528 --- [user-service] [kafka-producer-network-thread | user-service-producer-1] org.apache.kafka.clients.NetworkClient   : [Producer clientId=user-service-producer-1] Connection to node -1 (localhost/127.0.0.1:9092) could not be established. Node may not be available.
2026-07-21T00:35:36.719+05:30  WARN 25528 --- [user-service] [kafka-producer-network-thread | user-service-producer-1] org.apache.kafka.clients.NetworkClient   : [Producer clientId=user-service-producer-1] Bootstrap broker localhost:9092 (id: -1 rack: null) disconnected
2026-07-21T00:35:37.724+05:30  INFO 25528 --- [user-service] [kafka-producer-network-thread | user-service-producer-1] org.apache.kafka.clients.NetworkClient   : [Producer clientId=user-service-producer-1] Node -1 disconnected.
2026-07-21T00:35:37.724+05:30  WARN 25528 --- [user-service] [kafka-producer-network-thread | user-service-producer-1] org.apache.kafka.clients.NetworkClient   : [Producer clientId=user-service-producer-1] Connection to node -1 (localhost/127.0.0.1:9092) could not be established. Node may not be available.
2026-07-21T00:35:37.724+05:30  WARN 25528 --- [user-service] [kafka-producer-network-thread | user-service-producer-1] org.apache.kafka.clients.NetworkClient   : [Producer clientId=user-service-producer-1] Bootstrap broker localhost:9092 (id: -1 rack: null) disconnected
2026-07-21T00:35:38.607+05:30  INFO 25528 --- [user-service] [kafka-producer-network-thread | user-service-producer-1] org.apache.kafka.clients.NetworkClient   : [Producer clientId=user-service-producer-1] Node -1 disconnected.
2026-07-21T00:35:38.607+05:30  WARN 25528 --- [user-service] [kafka-producer-network-thread | user-service-producer-1] org.apache.kafka.clients.NetworkClient   : [Producer clientId=user-service-producer-1] Connection to node -1 (localhost/127.0.0.1:9092) could not be established. Node may not be available.
2026-07-21T00:35:38.607+05:30  WARN 25528 --- [user-service] [kafka-producer-network-thread | user-service-producer-1] org.apache.kafka.clients.NetworkClient   : [Producer clientId=user-service-producer-1] Bootstrap broker localhost:9092 (id: -1 rack: null) disconnected
2026-07-21T00:35:39.620+05:30  INFO 25528 --- [user-service] [kafka-producer-network-thread | user-service-producer-1] org.apache.kafka.clients.NetworkClient   : [Producer clientId=user-service-producer-1] Node -1 disconnected.
2026-07-21T00:35:39.620+05:30  WARN 25528 --- [user-service] [kafka-producer-network-thread | user-service-producer-1] org.apache.kafka.clients.NetworkClient   : [Producer clientId=user-service-producer-1] Connection to node -1 (localhost/127.0.0.1:9092) could not be established. Node may not be available.
2026-07-21T00:35:39.620+05:30  WARN 25528 --- [user-service] [kafka-producer-network-thread | user-service-producer-1] org.apache.kafka.clients.NetworkClient   : [Producer clientId=user-service-producer-1] Bootstrap broker localhost:9092 (id: -1 rack: null) disconnected
2026-07-21T00:35:40.563+05:30  INFO 25528 --- [user-service] [kafka-producer-network-thread | user-service-producer-1] org.apache.kafka.clients.NetworkClient   : [Producer clientId=user-service-producer-1] Node -1 disconnected.
2026-07-21T00:35:40.563+05:30  WARN 25528 --- [user-service] [kafka-producer-network-thread | user-service-producer-1] org.apache.kafka.clients.NetworkClient   : [Producer clientId=user-service-producer-1] Connection to node -1 (localhost/127.0.0.1:9092) could not be established. Node may not be available.
2026-07-21T00:35:40.563+05:30  WARN 25528 --- [user-service] [kafka-producer-network-thread | user-service-producer-1] org.apache.kafka.clients.NetworkClient   : [Producer clientId=user-service-producer-1] Bootstrap broker localhost:9092 (id: -1 rack: null) disconnected
2026-07-21T00:35:41.572+05:30  INFO 25528 --- [user-service] [kafka-producer-network-thread | user-service-producer-1] org.apache.kafka.clients.NetworkClient   : [Producer clientId=user-service-producer-1] Node -1 disconnected.
2026-07-21T00:35:41.572+05:30  WARN 25528 --- [user-service] [kafka-producer-network-thread | user-service-producer-1] org.apache.kafka.clients.NetworkClient   : [Producer clientId=user-service-producer-1] Connection to node -1 (localhost/127.0.0.1:9092) could not be established. Node may not be available.
2026-07-21T00:35:41.572+05:30  WARN 25528 --- [user-service] [kafka-producer-network-thread | user-service-producer-1] org.apache.kafka.clients.NetworkClient   : [Producer clientId=user-service-producer-1] Bootstrap broker localhost:9092 (id: -1 rack: null) disconnected
2026-07-21T00:35:42.584+05:30  INFO 25528 --- [user-service] [kafka-producer-network-thread | user-service-producer-1] org.apache.kafka.clients.NetworkClient   : [Producer clientId=user-service-producer-1] Node -1 disconnected.
2026-07-21T00:35:42.584+05:30  WARN 25528 --- [user-service] [kafka-producer-network-thread | user-service-producer-1] org.apache.kafka.clients.NetworkClient   : [Producer clientId=user-service-producer-1] Connection to node -1 (localhost/127.0.0.1:9092) could not be established. Node may not be available.
2026-07-21T00:35:42.584+05:30  WARN 25528 --- [user-service] [kafka-producer-network-thread | user-service-producer-1] org.apache.kafka.clients.NetworkClient   : [Producer clientId=user-service-producer-1] Bootstrap broker localhost:9092 (id: -1 rack: null) disconnected
2026-07-21T00:35:43.595+05:30  INFO 25528 --- [user-service] [kafka-producer-network-thread | user-service-producer-1] org.apache.kafka.clients.NetworkClient   : [Producer clientId=user-service-producer-1] Node -1 disconnected.
2026-07-21T00:35:43.595+05:30  WARN 25528 --- [user-service] [kafka-producer-network-thread | user-service-producer-1] org.apache.kafka.clients.NetworkClient   : [Producer clientId=user-service-producer-1] Connection to node -1 (localhost/127.0.0.1:9092) could not be established. Node may not be available.
2026-07-21T00:35:43.595+05:30  WARN 25528 --- [user-service] [kafka-producer-network-thread | user-service-producer-1] org.apache.kafka.clients.NetworkClient   : [Producer clientId=user-service-producer-1] Bootstrap broker localhost:9092 (id: -1 rack: null) disconnected
2026-07-21T00:35:44.539+05:30  INFO 25528 --- [user-service] [kafka-producer-network-thread | user-service-producer-1] org.apache.kafka.clients.NetworkClient   : [Producer clientId=user-service-producer-1] Node -1 disconnected.
2026-07-21T00:35:44.539+05:30  WARN 25528 --- [user-service] [kafka-producer-network-thread | user-service-producer-1] org.apache.kafka.clients.NetworkClient   : [Producer clientId=user-service-producer-1] Connection to node -1 (localhost/127.0.0.1:9092) could not be established. Node may not be available.
2026-07-21T00:35:44.539+05:30  WARN 25528 --- [user-service] [kafka-producer-network-thread | user-service-producer-1] org.apache.kafka.clients.NetworkClient   : [Producer clientId=user-service-producer-1] Bootstrap broker localhost:9092 (id: -1 rack: null) disconnected
2026-07-21T00:35:45.550+05:30  INFO 25528 --- [user-service] [kafka-producer-network-thread | user-service-producer-1] org.apache.kafka.clients.NetworkClient   : [Producer clientId=user-service-producer-1] Node -1 disconnected.
2026-07-21T00:35:45.550+05:30  WARN 25528 --- [user-service] [kafka-producer-network-thread | user-service-producer-1] org.apache.kafka.clients.NetworkClient   : [Producer clientId=user-service-producer-1] Connection to node -1 (localhost/127.0.0.1:9092) could not be established. Node may not be available.
2026-07-21T00:35:45.550+05:30  WARN 25528 --- [user-service] [kafka-producer-network-thread | user-service-producer-1] org.apache.kafka.clients.NetworkClient   : [Producer clientId=user-service-producer-1] Bootstrap broker localhost:9092 (id: -1 rack: null) disconnected
2026-07-21T00:35:46.559+05:30  INFO 25528 --- [user-service] [kafka-producer-network-thread | user-service-producer-1] org.apache.kafka.clients.NetworkClient   : [Producer clientId=user-service-producer-1] Node -1 disconnected.
2026-07-21T00:35:46.559+05:30  WARN 25528 --- [user-service] [kafka-producer-network-thread | user-service-producer-1] org.apache.kafka.clients.NetworkClient   : [Producer clientId=user-service-producer-1] Connection to node -1 (localhost/127.0.0.1:9092) could not be established. Node may not be available.
2026-07-21T00:35:46.559+05:30  WARN 25528 --- [user-service] [kafka-producer-network-thread | user-service-producer-1] org.apache.kafka.clients.NetworkClient   : [Producer clientId=user-service-producer-1] Bootstrap broker localhost:9092 (id: -1 rack: null) disconnected
2026-07-21T00:35:47.567+05:30  INFO 25528 --- [user-service] [kafka-producer-network-thread | user-service-producer-1] org.apache.kafka.clients.NetworkClient   : [Producer clientId=user-service-producer-1] Node -1 disconnected.
2026-07-21T00:35:47.567+05:30  WARN 25528 --- [user-service] [kafka-producer-network-thread | user-service-producer-1] org.apache.kafka.clients.NetworkClient   : [Producer clientId=user-service-producer-1] Connection to node -1 (localhost/127.0.0.1:9092) could not be established. Node may not be available.
2026-07-21T00:35:47.567+05:30  WARN 25528 --- [user-service] [kafka-producer-network-thread | user-service-producer-1] org.apache.kafka.clients.NetworkClient   : [Producer clientId=user-service-producer-1] Bootstrap broker localhost:9092 (id: -1 rack: null) disconnected
2026-07-21T00:35:48.571+05:30  INFO 25528 --- [user-service] [kafka-producer-network-thread | user-service-producer-1] org.apache.kafka.clients.NetworkClient   : [Producer clientId=user-service-producer-1] Node -1 disconnected.
2026-07-21T00:35:48.571+05:30  WARN 25528 --- [user-service] [kafka-producer-network-thread | user-service-producer-1] org.apache.kafka.clients.NetworkClient   : [Producer clientId=user-service-producer-1] Connection to node -1 (localhost/127.0.0.1:9092) could not be established. Node may not be available.
2026-07-21T00:35:48.571+05:30  WARN 25528 --- [user-service] [kafka-producer-network-thread | user-service-producer-1] org.apache.kafka.clients.NetworkClient   : [Producer clientId=user-service-producer-1] Bootstrap broker localhost:9092 (id: -1 rack: null) disconnected
2026-07-21T00:35:49.580+05:30  INFO 25528 --- [user-service] [kafka-producer-network-thread | user-service-producer-1] org.apache.kafka.clients.NetworkClient   : [Producer clientId=user-service-producer-1] Node -1 disconnected.
2026-07-21T00:35:49.580+05:30  WARN 25528 --- [user-service] [kafka-producer-network-thread | user-service-producer-1] org.apache.kafka.clients.NetworkClient   : [Producer clientId=user-service-producer-1] Connection to node -1 (localhost/127.0.0.1:9092) could not be established. Node may not be available.
2026-07-21T00:35:49.580+05:30  WARN 25528 --- [user-service] [kafka-producer-network-thread | user-service-producer-1] org.apache.kafka.clients.NetworkClient   : [Producer clientId=user-service-producer-1] Bootstrap broker localhost:9092 (id: -1 rack: null) disconnected
2026-07-21T00:35:50.522+05:30  INFO 25528 --- [user-service] [kafka-producer-network-thread | user-service-producer-1] org.apache.kafka.clients.NetworkClient   : [Producer clientId=user-service-producer-1] Node -1 disconnected.
2026-07-21T00:35:50.522+05:30  WARN 25528 --- [user-service] [kafka-producer-network-thread | user-service-producer-1] org.apache.kafka.clients.NetworkClient   : [Producer clientId=user-service-producer-1] Connection to node -1 (localhost/127.0.0.1:9092) could not be established. Node may not be available.
2026-07-21T00:35:50.522+05:30  WARN 25528 --- [user-service] [kafka-producer-network-thread | user-service-producer-1] org.apache.kafka.clients.NetworkClient   : [Producer clientId=user-service-producer-1] Bootstrap broker localhost:9092 (id: -1 rack: null) disconnected
2026-07-21T00:35:51.577+05:30  INFO 25528 --- [user-service] [kafka-producer-network-thread | user-service-producer-1] org.apache.kafka.clients.NetworkClient   : [Producer clientId=user-service-producer-1] Node -1 disconnected.
2026-07-21T00:35:51.577+05:30  WARN 25528 --- [user-service] [kafka-producer-network-thread | user-service-producer-1] org.apache.kafka.clients.NetworkClient   : [Producer clientId=user-service-producer-1] Connection to node -1 (localhost/127.0.0.1:9092) could not be established. Node may not be available.
2026-07-21T00:35:51.577+05:30  WARN 25528 --- [user-service] [kafka-producer-network-thread | user-service-producer-1] org.apache.kafka.clients.NetworkClient   : [Producer clientId=user-service-producer-1] Bootstrap broker localhost:9092 (id: -1 rack: null) disconnected
2026-07-21T00:35:52.630+05:30  INFO 25528 --- [user-service] [kafka-producer-network-thread | user-service-producer-1] org.apache.kafka.clients.NetworkClient   : [Producer clientId=user-service-producer-1] Node -1 disconnected.
2026-07-21T00:35:52.630+05:30  WARN 25528 --- [user-service] [kafka-producer-network-thread | user-service-producer-1] org.apache.kafka.clients.NetworkClient   : [Producer clientId=user-service-producer-1] Connection to node -1 (localhost/127.0.0.1:9092) could not be established. Node may not be available.
2026-07-21T00:35:52.630+05:30  WARN 25528 --- [user-service] [kafka-producer-network-thread | user-service-producer-1] org.apache.kafka.clients.NetworkClient   : [Producer clientId=user-service-producer-1] Bootstrap broker localhost:9092 (id: -1 rack: null) disconnected
2026-07-21T00:35:53.698+05:30  INFO 25528 --- [user-service] [kafka-producer-network-thread | user-service-producer-1] org.apache.kafka.clients.NetworkClient   : [Producer clientId=user-service-producer-1] Node -1 disconnected.
2026-07-21T00:35:53.698+05:30  WARN 25528 --- [user-service] [kafka-producer-network-thread | user-service-producer-1] org.apache.kafka.clients.NetworkClient   : [Producer clientId=user-service-producer-1] Connection to node -1 (localhost/127.0.0.1:9092) could not be established. Node may not be available.
2026-07-21T00:35:53.698+05:30  WARN 25528 --- [user-service] [kafka-producer-network-thread | user-service-producer-1] org.apache.kafka.clients.NetworkClient   : [Producer clientId=user-service-producer-1] Bootstrap broker localhost:9092 (id: -1 rack: null) disconnected
2026-07-21T00:35:54.680+05:30  INFO 25528 --- [user-service] [kafka-producer-network-thread | user-service-producer-1] org.apache.kafka.clients.NetworkClient   : [Producer clientId=user-service-producer-1] Node -1 disconnected.
2026-07-21T00:35:54.680+05:30  WARN 25528 --- [user-service] [kafka-producer-network-thread | user-service-producer-1] org.apache.kafka.clients.NetworkClient   : [Producer clientId=user-service-producer-1] Connection to node -1 (localhost/127.0.0.1:9092) could not be established. Node may not be available.
2026-07-21T00:35:54.680+05:30  WARN 25528 --- [user-service] [kafka-producer-network-thread | user-service-producer-1] org.apache.kafka.clients.NetworkClient   : [Producer clientId=user-service-producer-1] Bootstrap broker localhost:9092 (id: -1 rack: null) disconnected
2026-07-21T00:35:55.692+05:30  INFO 25528 --- [user-service] [kafka-producer-network-thread | user-service-producer-1] org.apache.kafka.clients.NetworkClient   : [Producer clientId=user-service-producer-1] Node -1 disconnected.
2026-07-21T00:35:55.693+05:30  WARN 25528 --- [user-service] [kafka-producer-network-thread | user-service-producer-1] org.apache.kafka.clients.NetworkClient   : [Producer clientId=user-service-producer-1] Connection to node -1 (localhost/127.0.0.1:9092) could not be established. Node may not be available.
2026-07-21T00:35:55.693+05:30  WARN 25528 --- [user-service] [kafka-producer-network-thread | user-service-producer-1] org.apache.kafka.clients.NetworkClient   : [Producer clientId=user-service-producer-1] Bootstrap broker localhost:9092 (id: -1 rack: null) disconnected
2026-07-21T00:35:56.613+05:30  INFO 25528 --- [user-service] [kafka-producer-network-thread | user-service-producer-1] org.apache.kafka.clients.NetworkClient   : [Producer clientId=user-service-producer-1] Node -1 disconnected.
2026-07-21T00:35:56.613+05:30  WARN 25528 --- [user-service] [kafka-producer-network-thread | user-service-producer-1] org.apache.kafka.clients.NetworkClient   : [Producer clientId=user-service-producer-1] Connection to node -1 (localhost/127.0.0.1:9092) could not be established. Node may not be available.
2026-07-21T00:35:56.613+05:30  WARN 25528 --- [user-service] [kafka-producer-network-thread | user-service-producer-1] org.apache.kafka.clients.NetworkClient   : [Producer clientId=user-service-producer-1] Bootstrap broker localhost:9092 (id: -1 rack: null) disconnected
2026-07-21T00:35:57.532+05:30  INFO 25528 --- [user-service] [kafka-producer-network-thread | user-service-producer-1] org.apache.kafka.clients.NetworkClient   : [Producer clientId=user-service-producer-1] Node -1 disconnected.
2026-07-21T00:35:57.532+05:30  WARN 25528 --- [user-service] [kafka-producer-network-thread | user-service-producer-1] org.apache.kafka.clients.NetworkClient   : [Producer clientId=user-service-producer-1] Connection to node -1 (localhost/127.0.0.1:9092) could not be established. Node may not be available.
2026-07-21T00:35:57.532+05:30  WARN 25528 --- [user-service] [kafka-producer-network-thread | user-service-producer-1] org.apache.kafka.clients.NetworkClient   : [Producer clientId=user-service-producer-1] Bootstrap broker localhost:9092 (id: -1 rack: null) disconnected
2026-07-21T00:35:58.553+05:30  INFO 25528 --- [user-service] [kafka-producer-network-thread | user-service-producer-1] org.apache.kafka.clients.NetworkClient   : [Producer clientId=user-service-producer-1] Node -1 disconnected.
2026-07-21T00:35:58.554+05:30  WARN 25528 --- [user-service] [kafka-producer-network-thread | user-service-producer-1] org.apache.kafka.clients.NetworkClient   : [Producer clientId=user-service-producer-1] Connection to node -1 (localhost/127.0.0.1:9092) could not be established. Node may not be available.
2026-07-21T00:35:58.554+05:30  WARN 25528 --- [user-service] [kafka-producer-network-thread | user-service-producer-1] org.apache.kafka.clients.NetworkClient   : [Producer clientId=user-service-producer-1] Bootstrap broker localhost:9092 (id: -1 rack: null) disconnected
2026-07-21T00:35:59.558+05:30  INFO 25528 --- [user-service] [kafka-producer-network-thread | user-service-producer-1] org.apache.kafka.clients.NetworkClient   : [Producer clientId=user-service-producer-1] Node -1 disconnected.
2026-07-21T00:35:59.558+05:30  WARN 25528 --- [user-service] [kafka-producer-network-thread | user-service-producer-1] org.apache.kafka.clients.NetworkClient   : [Producer clientId=user-service-producer-1] Connection to node -1 (localhost/127.0.0.1:9092) could not be established. Node may not be available.
2026-07-21T00:35:59.558+05:30  WARN 25528 --- [user-service] [kafka-producer-network-thread | user-service-producer-1] org.apache.kafka.clients.NetworkClient   : [Producer clientId=user-service-producer-1] Bootstrap broker localhost:9092 (id: -1 rack: null) disconnected
2026-07-21T00:36:00.613+05:30  INFO 25528 --- [user-service] [kafka-producer-network-thread | user-service-producer-1] org.apache.kafka.clients.NetworkClient   : [Producer clientId=user-service-producer-1] Node -1 disconnected.
2026-07-21T00:36:00.613+05:30  WARN 25528 --- [user-service] [kafka-producer-network-thread | user-service-producer-1] org.apache.kafka.clients.NetworkClient   : [Producer clientId=user-service-producer-1] Connection to node -1 (localhost/127.0.0.1:9092) could not be established. Node may not be available.
2026-07-21T00:36:00.613+05:30  WARN 25528 --- [user-service] [kafka-producer-network-thread | user-service-producer-1] org.apache.kafka.clients.NetworkClient   : [Producer clientId=user-service-producer-1] Bootstrap broker localhost:9092 (id: -1 rack: null) disconnected
2026-07-21T00:36:01.618+05:30  INFO 25528 --- [user-service] [kafka-producer-network-thread | user-service-producer-1] org.apache.kafka.clients.NetworkClient   : [Producer clientId=user-service-producer-1] Node -1 disconnected.
2026-07-21T00:36:01.619+05:30  WARN 25528 --- [user-service] [kafka-producer-network-thread | user-service-producer-1] org.apache.kafka.clients.NetworkClient   : [Producer clientId=user-service-producer-1] Connection to node -1 (localhost/127.0.0.1:9092) could not be established. Node may not be available.
2026-07-21T00:36:01.619+05:30  WARN 25528 --- [user-service] [kafka-producer-network-thread | user-service-producer-1] org.apache.kafka.clients.NetworkClient   : [Producer clientId=user-service-producer-1] Bootstrap broker localhost:9092 (id: -1 rack: null) disconnected
2026-07-21T00:36:02.540+05:30  INFO 25528 --- [user-service] [kafka-producer-network-thread | user-service-producer-1] org.apache.kafka.clients.NetworkClient   : [Producer clientId=user-service-producer-1] Node -1 disconnected.
2026-07-21T00:36:02.540+05:30  WARN 25528 --- [user-service] [kafka-producer-network-thread | user-service-producer-1] org.apache.kafka.clients.NetworkClient   : [Producer clientId=user-service-producer-1] Connection to node -1 (localhost/127.0.0.1:9092) could not be established. Node may not be available.
2026-07-21T00:36:02.540+05:30  WARN 25528 --- [user-service] [kafka-producer-network-thread | user-service-producer-1] org.apache.kafka.clients.NetworkClient   : [Producer clientId=user-service-producer-1] Bootstrap broker localhost:9092 (id: -1 rack: null) disconnected
2026-07-21T00:36:03.553+05:30  INFO 25528 --- [user-service] [kafka-producer-network-thread | user-service-producer-1] org.apache.kafka.clients.NetworkClient   : [Producer clientId=user-service-producer-1] Node -1 disconnected.
2026-07-21T00:36:03.554+05:30  WARN 25528 --- [user-service] [kafka-producer-network-thread | user-service-producer-1] org.apache.kafka.clients.NetworkClient   : [Producer clientId=user-service-producer-1] Connection to node -1 (localhost/127.0.0.1:9092) could not be established. Node may not be available.
2026-07-21T00:36:03.554+05:30  WARN 25528 --- [user-service] [kafka-producer-network-thread | user-service-producer-1] org.apache.kafka.clients.NetworkClient   : [Producer clientId=user-service-producer-1] Bootstrap broker localhost:9092 (id: -1 rack: null) disconnected
2026-07-21T00:36:04.537+05:30  INFO 25528 --- [user-service] [kafka-producer-network-thread | user-service-producer-1] org.apache.kafka.clients.NetworkClient   : [Producer clientId=user-service-producer-1] Node -1 disconnected.
2026-07-21T00:36:04.537+05:30  WARN 25528 --- [user-service] [kafka-producer-network-thread | user-service-producer-1] org.apache.kafka.clients.NetworkClient   : [Producer clientId=user-service-producer-1] Connection to node -1 (localhost/127.0.0.1:9092) could not be established. Node may not be available.
2026-07-21T00:36:04.538+05:30  WARN 25528 --- [user-service] [kafka-producer-network-thread | user-service-producer-1] org.apache.kafka.clients.NetworkClient   : [Producer clientId=user-service-producer-1] Bootstrap broker localhost:9092 (id: -1 rack: null) disconnected
2026-07-21T00:36:05.533+05:30  INFO 25528 --- [user-service] [kafka-producer-network-thread | user-service-producer-1] org.apache.kafka.clients.NetworkClient   : [Producer clientId=user-service-producer-1] Node -1 disconnected.
2026-07-21T00:36:05.533+05:30  WARN 25528 --- [user-service] [kafka-producer-network-thread | user-service-producer-1] org.apache.kafka.clients.NetworkClient   : [Producer clientId=user-service-producer-1] Connection to node -1 (localhost/127.0.0.1:9092) could not be established. Node may not be available.
2026-07-21T00:36:05.533+05:30  WARN 25528 --- [user-service] [kafka-producer-network-thread | user-service-producer-1] org.apache.kafka.clients.NetworkClient   : [Producer clientId=user-service-producer-1] Bootstrap broker localhost:9092 (id: -1 rack: null) disconnected
2026-07-21T00:36:06.548+05:30  INFO 25528 --- [user-service] [kafka-producer-network-thread | user-service-producer-1] org.apache.kafka.clients.NetworkClient   : [Producer clientId=user-service-producer-1] Node -1 disconnected.
2026-07-21T00:36:06.549+05:30  WARN 25528 --- [user-service] [kafka-producer-network-thread | user-service-producer-1] org.apache.kafka.clients.NetworkClient   : [Producer clientId=user-service-producer-1] Connection to node -1 (localhost/127.0.0.1:9092) could not be established. Node may not be available.
2026-07-21T00:36:06.549+05:30  WARN 25528 --- [user-service] [kafka-producer-network-thread | user-service-producer-1] org.apache.kafka.clients.NetworkClient   : [Producer clientId=user-service-producer-1] Bootstrap broker localhost:9092 (id: -1 rack: null) disconnected
2026-07-21T00:36:07.541+05:30  INFO 25528 --- [user-service] [kafka-producer-network-thread | user-service-producer-1] org.apache.kafka.clients.NetworkClient   : [Producer clientId=user-service-producer-1] Node -1 disconnected.
2026-07-21T00:36:07.541+05:30  WARN 25528 --- [user-service] [kafka-producer-network-thread | user-service-producer-1] org.apache.kafka.clients.NetworkClient   : [Producer clientId=user-service-producer-1] Connection to node -1 (localhost/127.0.0.1:9092) could not be established. Node may not be available.
2026-07-21T00:36:07.541+05:30  WARN 25528 --- [user-service] [kafka-producer-network-thread | user-service-producer-1] org.apache.kafka.clients.NetworkClient   : [Producer clientId=user-service-producer-1] Bootstrap broker localhost:9092 (id: -1 rack: null) disconnected
2026-07-21T00:36:08.462+05:30  INFO 25528 --- [user-service] [kafka-producer-network-thread | user-service-producer-1] org.apache.kafka.clients.NetworkClient   : [Producer clientId=user-service-producer-1] Node -1 disconnected.
2026-07-21T00:36:08.463+05:30  WARN 25528 --- [user-service] [kafka-producer-network-thread | user-service-producer-1] org.apache.kafka.clients.NetworkClient   : [Producer clientId=user-service-producer-1] Connection to node -1 (localhost/127.0.0.1:9092) could not be established. Node may not be available.
2026-07-21T00:36:08.463+05:30  WARN 25528 --- [user-service] [kafka-producer-network-thread | user-service-producer-1] org.apache.kafka.clients.NetworkClient   : [Producer clientId=user-service-producer-1] Bootstrap broker localhost:9092 (id: -1 rack: null) disconnected
2026-07-21T00:36:09.473+05:30  INFO 25528 --- [user-service] [kafka-producer-network-thread | user-service-producer-1] org.apache.kafka.clients.NetworkClient   : [Producer clientId=user-service-producer-1] Node -1 disconnected.
2026-07-21T00:36:09.473+05:30  WARN 25528 --- [user-service] [kafka-producer-network-thread | user-service-producer-1] org.apache.kafka.clients.NetworkClient   : [Producer clientId=user-service-producer-1] Connection to node -1 (localhost/127.0.0.1:9092) could not be established. Node may not be available.
2026-07-21T00:36:09.473+05:30  WARN 25528 --- [user-service] [kafka-producer-network-thread | user-service-producer-1] org.apache.kafka.clients.NetworkClient   : [Producer clientId=user-service-producer-1] Bootstrap broker localhost:9092 (id: -1 rack: null) disconnected
2026-07-21T00:36:10.481+05:30  INFO 25528 --- [user-service] [kafka-producer-network-thread | user-service-producer-1] org.apache.kafka.clients.NetworkClient   : [Producer clientId=user-service-producer-1] Node -1 disconnected.
2026-07-21T00:36:10.481+05:30  WARN 25528 --- [user-service] [kafka-producer-network-thread | user-service-producer-1] org.apache.kafka.clients.NetworkClient   : [Producer clientId=user-service-producer-1] Connection to node -1 (localhost/127.0.0.1:9092) could not be established. Node may not be available.
2026-07-21T00:36:10.481+05:30  WARN 25528 --- [user-service] [kafka-producer-network-thread | user-service-producer-1] org.apache.kafka.clients.NetworkClient   : [Producer clientId=user-service-producer-1] Bootstrap broker localhost:9092 (id: -1 rack: null) disconnected
2026-07-21T00:36:11.463+05:30  INFO 25528 --- [user-service] [kafka-producer-network-thread | user-service-producer-1] org.apache.kafka.clients.NetworkClient   : [Producer clientId=user-service-producer-1] Node -1 disconnected.
2026-07-21T00:36:11.463+05:30  WARN 25528 --- [user-service] [kafka-producer-network-thread | user-service-producer-1] org.apache.kafka.clients.NetworkClient   : [Producer clientId=user-service-producer-1] Connection to node -1 (localhost/127.0.0.1:9092) could not be established. Node may not be available.
2026-07-21T00:36:11.463+05:30  WARN 25528 --- [user-service] [kafka-producer-network-thread | user-service-producer-1] org.apache.kafka.clients.NetworkClient   : [Producer clientId=user-service-producer-1] Bootstrap broker localhost:9092 (id: -1 rack: null) disconnected
2026-07-21T00:36:12.507+05:30  INFO 25528 --- [user-service] [kafka-producer-network-thread | user-service-producer-1] org.apache.kafka.clients.NetworkClient   : [Producer clientId=user-service-producer-1] Node -1 disconnected.
2026-07-21T00:36:12.508+05:30  WARN 25528 --- [user-service] [kafka-producer-network-thread | user-service-producer-1] org.apache.kafka.clients.NetworkClient   : [Producer clientId=user-service-producer-1] Connection to node -1 (localhost/127.0.0.1:9092) could not be established. Node may not be available.
2026-07-21T00:36:12.508+05:30  WARN 25528 --- [user-service] [kafka-producer-network-thread | user-service-producer-1] org.apache.kafka.clients.NetworkClient   : [Producer clientId=user-service-producer-1] Bootstrap broker localhost:9092 (id: -1 rack: null) disconnected
2026-07-21T00:36:13.566+05:30  INFO 25528 --- [user-service] [kafka-producer-network-thread | user-service-producer-1] org.apache.kafka.clients.NetworkClient   : [Producer clientId=user-service-producer-1] Node -1 disconnected.
2026-07-21T00:36:13.567+05:30  WARN 25528 --- [user-service] [kafka-producer-network-thread | user-service-producer-1] org.apache.kafka.clients.NetworkClient   : [Producer clientId=user-service-producer-1] Connection to node -1 (localhost/127.0.0.1:9092) could not be established. Node may not be available.
2026-07-21T00:36:13.567+05:30  WARN 25528 --- [user-service] [kafka-producer-network-thread | user-service-producer-1] org.apache.kafka.clients.NetworkClient   : [Producer clientId=user-service-producer-1] Bootstrap broker localhost:9092 (id: -1 rack: null) disconnected
